retailer,brand,model,product_url,colourway_shown,colourways_available,price_gbp,delivery_cost_gbp,assembly_cost_gbp,landed_cost_gbp,over_budget,arrives_assembled,mounting,top_width_cm,top_depth_cm,top_load_kg,overall_width_cm,overall_depth_cm,overall_height_cm,bays_json,back_panel,cable_management,frame_material,finish_material,leg_style,warranty,spare_parts_available,returns_window,delivery_lead_time,review_score,review_count,notes
IKEA,IKEA,BESTA TV bench 180x40x38 white,https://www.ikea.com/gb/en/p/besta-tv-bench-white-00474070/,White,,75,39,,114,,self,floor,180,40,30,180,40,38,"[{""kind"": ""open"", ""count"": 3, ""widthCm"": null, ""depthCm"": null, ""heightCm"": null}]",ported,Cable outlet in back panel,Particleboard and fibreboard with honeycomb paper filling,White foil,Adjustable feet,,,,,,,"Open frame, no shelves or doors fitted. Internal compartment sizes not published by IKEA. Delivery is IKEA's published large-item rate (~GBP 39), not a quote for this order."
IKEA,IKEA,BESTA TV bench with doors 180x42x38 Lappviken white,https://www.ikea.com/gb/en/p/besta-tv-bench-white-lappviken-white-s89330691/,White / Lappviken white,,150,39,,189,,self,floor,180,42,30,180,42,38,"[{""kind"": ""door"", ""count"": 3, ""widthCm"": null, ""depthCm"": null, ""heightCm"": null}]",ported,Cable outlet in back panel,Particleboard and fibreboard with honeycomb paper filling,White foil,,Max load per shelf 20kg,,,,,,"Every compartment is behind a door, so there is no open bay for a PS5. Deep enough for the soundbar in front. Delivery is IKEA's published large-item rate."
IKEA,IKEA,HAVSTA TV bench with plinth 160x47x62 white,https://www.ikea.com/gb/en/p/havsta-tv-bench-with-plinth-white-10529270/,White,"White, Black",279,39,,318,,self,floor,160,47,30,160,47,62,"[{""kind"": ""glass-door"", ""count"": 2, ""widthCm"": null, ""depthCm"": null, ""heightCm"": null}]",ported,Built-in cable management,Solid pine,"Stain and clear acrylic lacquer, tempered glass doors",Plinth,,,,,,,"Deepest top surface found at 47cm. Sliding glass doors, so the bays are usable for a PS5 in principle, but IKEA does not publish internal compartment sizes. Max load per shelf 31kg."
IKEA,IKEA,IDANAS TV bench 162x40x63 dark brown stained,https://www.ikea.com/gb/en/p/idanaes-tv-bench-dark-brown-stained-50487857/,Dark brown stained,,249,39,,288,,self,floor,162,40,,162,40,63,"[{""kind"": ""open"", ""count"": 2, ""widthCm"": null, ""depthCm"": null, ""heightCm"": null}, {""kind"": ""drawer"", ""count"": 2, ""widthCm"": null, ""depthCm"": null, ""heightCm"": null}]",,,Solid wood,,,,,,,,,Two open shelves plus two soft-closing drawers. Internal sizes not published.
Roseland Furniture,Roseland,London Oak 180cm Extra Wide TV Stand,https://www.roselandfurniture.com/products/london-oak-180cm-extra-wide-tv-stand,Light oak,,216.61,19.99,,236.6,,yes,floor,180,35,,180,35,48,"[{""kind"": ""open"", ""count"": 4, ""widthCm"": 42.2, ""depthCm"": 32.5, ""heightCm"": 14.5}, {""kind"": ""door"", ""count"": 2, ""widthCm"": 44, ""depthCm"": 32.5, ""heightCm"": 14.5}]",open,Cable holes in shelves,Solid oak with real oak veneer top; solid and manufactured wood internals,Lacquered light oak,7cm feet,12 month guarantee,,,3-5 working days,,,"Bay easily takes a flat PS5, but the 35cm top is 2cm too shallow for the TV base and soundbar in line. Arrives fully assembled, 2-person room of choice."
Roseland Furniture,Roseland,Broadway Oak 180cm TV Unit,https://www.roselandfurniture.com/products/broadway-oak-180cm-tv-unit,Oak,,424.95,19.99,,444.94,,yes,floor,180,44,,180,44,55,"[{""kind"": ""open"", ""count"": 2, ""widthCm"": 78, ""depthCm"": 40.5, ""heightCm"": 15.5}, {""kind"": ""door"", ""count"": 2, ""widthCm"": 38.5, ""depthCm"": 38.5, ""heightCm"": 15.5}, {""kind"": ""drawer"", ""count"": 2, ""widthCm"": null, ""depthCm"": null, ""heightCm"": null}]",ported,Cable management hole in back panel,"Oak, real oak veneer, manufactured wood and pine internals",Hand-waxed oak,,12 month guarantee,,,1-3 working days,,,"Clears all three gates: 44cm top takes the TV base and soundbar in line, and the 78x40.5x15.5cm open shelf takes a flat PS5 with airflow to spare. Arrives fully assembled."
Roseland Furniture,Roseland,Farro Washed Oak 180cm Extra Wide TV Stand,https://www.roselandfurniture.com/products/farrow-oak-180cm-extra-wide-tv-stand,Washed oak,,274.95,19.99,,294.94,,yes,floor,180,35,,180,35,48,"[{""kind"": ""open"", ""count"": 4, ""widthCm"": 42, ""depthCm"": 32.5, ""heightCm"": 14}, {""kind"": ""door"", ""count"": 2, ""widthCm"": 37, ""depthCm"": 30.5, ""heightCm"": 14}]",open,Holes behind shelves,"Washed oak, pine, veneer, manufactured wood, metal",,7cm feet,12 months,,,3-5 working days,,,Same shape problem as the London Oak: the bay takes a PS5 but the 35cm top cannot take the TV base and soundbar in line.
Roseland Furniture,Roseland,Shorwell Oak 180cm Slatted TV Unit,https://www.roselandfurniture.com/products/shorwell-oak-180cm-slatted-tv-unit,Oak,,399.95,19.99,,419.94,,self,floor,180,36,,180,36,50,"[{""kind"": ""open"", ""count"": 2, ""widthCm"": 76.4, ""depthCm"": 31.7, ""heightCm"": 13}, {""kind"": ""door"", ""count"": 2, ""widthCm"": 46.3, ""depthCm"": 31.7, ""heightCm"": 25.8}]",ported,Cable management holes,"Oak, oak veneers, manufactured wood, metal",,,12 month guarantee,,,1-3 working days,,,"Misses the soundbar depth gate by a single centimetre: 36cm against the 37cm the TV base and bar need. Minimal assembly, about 20 minutes."
Dunelm,Dunelm,Olney Extra Wide TV Unit Stone,https://www.dunelm.com/product/olney-extra-wide-tv-unit-stone-1000231952,Stone,,219,12.95,,231.95,,self,floor,180,39,,180,39,45,"[{""kind"": ""open"", ""count"": 1, ""widthCm"": 82.5, ""depthCm"": null, ""heightCm"": 13}, {""kind"": ""open"", ""count"": 1, ""widthCm"": 82.5, ""depthCm"": null, ""heightCm"": 15}, {""kind"": ""door"", ""count"": 4, ""widthCm"": null, ""depthCm"": null, ""heightCm"": null}]",,Cable holes,Particleboard with paper foil,Stone with brushed brass handles,,,,Free returns,,4.3,62,"Deep enough for the soundbar. Shelf widths and heights are published but not shelf depth, so the PS5 verdict stays unconfirmed until someone measures it."
Dunelm,Dunelm,Bryant Extra Wide TV Unit,https://www.dunelm.com/product/bryant-extra-wide-tv-unit-1000214661,,,249,12.95,,261.95,,self,floor,180,38,,180,38,40.5,"[{""kind"": ""open"", ""count"": 3, ""widthCm"": 57.5, ""depthCm"": null, ""heightCm"": 10}, {""kind"": ""drawer"", ""count"": 3, ""widthCm"": 52, ""depthCm"": 28.3, ""heightCm"": 6}]",,,"91% particle board, 8% MDF, 1% iron",,,,,Free returns,,4.6,69,"Open shelves are only 10cm high, so a 9.6cm PS5 would have essentially no airflow above it. Ruled out on the bay even though the shelf depth is unpublished."
Dunelm,Dunelm,Georgi Extra Wide TV Unit Black,https://www.dunelm.com/product/georgi-extra-wide-tv-unit-black-1000201605,Black,,249,12.95,,261.95,,self,floor,180,39.6,,180,39.6,52,"[{""kind"": ""open"", ""count"": 2, ""widthCm"": 45.4, ""depthCm"": null, ""heightCm"": 29.2}, {""kind"": ""door"", ""count"": 2, ""widthCm"": null, ""depthCm"": null, ""heightCm"": null}]",,60mm cable apertures,"Melamine, paint, lacquer, steel, powder coating",Black with matte gold handles and legs,16.6cm legs,,,Free returns,,4.7,314,"Best reviewed in the corpus. Shelf depth not published, so the PS5 verdict is unconfirmed rather than failed."
House of Oak,House of Oak,Chatsworth Oak Large TV Unit,https://www.houseofoak.co.uk/chatsworth-oak-large-tv-unit/,Oak,,499.99,,,499.99,,self,floor,180,44,,180,44,55,[],,,Solid oak,,,,,,,,,"Product page blocked automated access; width, depth, height and price taken from the retailer's own search listing. Compartment layout and internal sizes unverified, and delivery cost unknown so landed cost is the item price alone."
Dunelm,GFW,Galicia 180cm LED Wall TV Unit,https://www.dunelm.com/product/galicia-180cm-led-wide-wall-tv-unit-1000156242,,,199,12.95,,211.95,,self,wall-mounted,180,38,,180,38,30,"[{""kind"": ""open"", ""count"": 2, ""widthCm"": null, ""depthCm"": null, ""heightCm"": null}, {""kind"": ""door"", ""count"": 2, ""widthCm"": null, ""depthCm"": null, ""heightCm"": null}]",,,,,,,,,,,,"Wall-mounted floating unit, so out of scope under R8 and dropped at import."
Tikamoon,Tikamoon,Anoa Solid Oak TV Stand 180cm,https://www.tikamoon.co.uk/art-anoa-solid-oak-tv-stand-180-cm-3787.htm,Pale solid oak,,899,,,899,yes,yes,floor,180,45,,180,45,,[],,,Solid oak,,Castors,,,,,,,"Well over budget at GBP 899, kept in the corpus as the reference point for what a 45cm-deep solid oak unit costs."
Dunelm,Dunelm,"Olney TV Unit for TVs up to 55""",https://www.dunelm.com/product/olney-tv-unit-for-tvs-up-to-55-1000214662?defaultSkuId=30884416,Stone,,149,12.95,,161.95,,self,floor,119.5,39.0,,119.5,39.0,45.3,"[{""kind"": ""open"", ""count"": 1, ""widthCm"": 52.5, ""depthCm"": null, ""heightCm"": 11.0}, {""kind"": ""drawer"", ""count"": 2, ""widthCm"": null, ""depthCm"": null, ""heightCm"": null}]",,,"90% - Particleboard, 10% - MDF, Metal Handle",Painted,,,,Free returns,,4.5,222,"Storage: 2 Drawers, Open Shelf, With Drawers. Max TV Up To 55"". Unit weight 29.35kg."
Dunelm,Loma Living,"Mateo Extra Wide TV Unit For TVs Up To 75""",https://www.dunelm.com/product/mateo-extra-wide-tv-unit-for-tvs-up-to-75-1000260832?defaultSkuId=30927345,Oak,,299,12.95,,311.95,,self,floor,180.0,39.5,,180.0,39.5,45.0,"[{""kind"": ""open"", ""count"": 6, ""widthCm"": null, ""depthCm"": null, ""heightCm"": null}]",,,"PB, MDF, Rubber Wood and Paper Foil",,,,,Free returns,,3.4,28,"Storage: 6 Shelves, With Doors. Max TV ?. Unit weight ?."
Dunelm,Lassic,"Cosmo 2 Door LED TV for TVs up to 65""",https://www.dunelm.com/product/cosmo-2-door-led-tv-for-tvs-up-to-65-1000292098?defaultSkuId=31056373,White,,63.2,12.95,,76.15,,self,floor,160.0,40.0,,160.0,40.0,38.0,"[{""kind"": ""open"", ""count"": 1, ""widthCm"": 60.0, ""depthCm"": 38.0, ""heightCm"": 15.0}, {""kind"": ""door"", ""count"": 2, ""widthCm"": null, ""depthCm"": null, ""heightCm"": null}]",,,MDF & Glass,,,,,Free returns,,2.7,3,"Storage: 2 Doors. Max TV Up To 65"". Unit weight ?."
Dunelm,Dunelm,"Malik Low Super Wide TV Unit for TVs up to 85""",https://www.dunelm.com/product/malik-extra-wide-tv-unit-for-tvs-up-to-65-1000253352?defaultSkuId=30927351,Walnut Effect,,249,12.95,,261.95,,self,floor,200.0,38.0,,200.0,38.0,32.0,"[{""kind"": ""open"", ""count"": 8, ""widthCm"": null, ""depthCm"": null, ""heightCm"": null}, {""kind"": ""door"", ""count"": 4, ""widthCm"": null, ""depthCm"": null, ""heightCm"": null}]",,,MDF and PB,,,,,Free returns,,4.3,28,"Storage: 4 Doors, 8 Shelves, With Doors. Max TV Up To 85"". Unit weight ?."
Dunelm,Dunelm,"Olney Extra Wide TV Unit for TVs up to 80""",https://www.dunelm.com/product/olney-extra-wide-tv-unit-stone-1000231952?defaultSkuId=30918567,Light Oak Effect,,219,12.95,,231.95,,self,floor,180.0,39.0,,180.0,39.0,45.0,"[{""kind"": ""open"", ""count"": 1, ""widthCm"": 82.5, ""depthCm"": null, ""heightCm"": 13.0}, {""kind"": ""open"", ""count"": 1, ""widthCm"": 82.5, ""depthCm"": null, ""heightCm"": 15.0}, {""kind"": ""door"", ""count"": 4, ""widthCm"": null, ""depthCm"": null, ""heightCm"": null}]",,,"Top & Main Body: Particleboard Paper Foil, Handle: Metal",Painted,,,,Free returns,,4.3,62,"Storage: 2 Shelves, 4 Doors, With Doors. Max TV Up To 80"". Unit weight 40.25kg."
Dunelm,Dunelm,"Bryant Extra Wide TV Unit for TVs up to 80""",https://www.dunelm.com/product/bryant-extra-wide-tv-unit-1000214661?defaultSkuId=30802034,Wood Brown,,249,12.95,,261.95,,self,floor,180.0,38.0,,180.0,38.0,40.5,"[{""kind"": ""open"", ""count"": 1, ""widthCm"": 57.5, ""depthCm"": null, ""heightCm"": 10.0}, {""kind"": ""open"", ""count"": 1, ""widthCm"": 57.5, ""depthCm"": null, ""heightCm"": 10.0}, {""kind"": ""open"", ""count"": 1, ""widthCm"": 57.5, ""depthCm"": null, ""heightCm"": 10.0}, {""kind"": ""drawer"", ""count"": 3, ""widthCm"": null, ""depthCm"": null, ""heightCm"": null}]",,,"91% Certified Responsibly Sourced Particle Board, 8% Certified Responsibly Sourced MDF, 1% Iron",Wood Effect,,,,Free returns,,4.6,69,"Storage: 3 Drawers, Open Shelf, With Drawers. Max TV Up To 80"". Unit weight ?."
Dunelm,Seconique,"Leon 2 Door TV Unit Stand for TVs up to 65"", Oak Effect",https://www.dunelm.com/product/leon-2-door-tv-unit-stand-for-tvs-up-to-65-oak-effect-1000240846?defaultSkuId=30913953,Brown,,87.2,12.95,,100.15,,self,floor,139.5,39.5,,139.5,39.5,48.0,"[{""kind"": ""door"", ""count"": 2, ""widthCm"": null, ""depthCm"": null, ""heightCm"": null}]",,,Composite Board and 3D Paper Veneer. Metal Handles.,Wood Effect,,,,Free returns,,4.7,24,"Storage: 2 Doors, Open Shelf, With Doors. Max TV Up To 65"". Unit weight ?."
Dunelm,Dunelm,"Georgi Extra Wide TV Unit for TVs up to 80""",https://www.dunelm.com/product/georgi-extra-wide-tv-unit-black-1000201605?defaultSkuId=30824750,Walnut,,249,12.95,,261.95,,self,floor,180.0,39.6,,180.0,39.6,52.0,"[{""kind"": ""open"", ""count"": 1, ""widthCm"": 45.4, ""depthCm"": null, ""heightCm"": 29.2}, {""kind"": ""door"", ""count"": 2, ""widthCm"": null, ""depthCm"": null, ""heightCm"": null}]",,,"Melamine, paint, lacquer, steel, powder coating",Painted,,,,Free returns,,4.7,313,"Storage: 2 Doors, Open Shelf, With Doors. Max TV Up To 80"". Unit weight ?."
Dunelm,Dunelm,"Olney Corner TV Unit for TVs up to 55""",https://www.dunelm.com/product/olney-corner-tv-unit-stone-1000214663?defaultSkuId=30800661,Stone,,129,12.95,,141.95,,self,floor,120.0,45.0,,120.0,45.0,45.0,"[{""kind"": ""open"", ""count"": 1, ""widthCm"": null, ""depthCm"": null, ""heightCm"": null}, {""kind"": ""door"", ""count"": 1, ""widthCm"": null, ""depthCm"": null, ""heightCm"": null}]",,,"95% - Particleboard, 5%-MDF, Handle: Metal",Painted,,,,Free returns,,4.8,345,"Storage: 1 Door, Open Shelf, With Doors. Max TV Up To 55"". Unit weight ?."
Dunelm,Dunelm,"Fulton Pine Extra Wide TV Unit for TVs up to 80""",https://www.dunelm.com/product/fulton-extra-wide-pine-tv-unit-1000190703?defaultSkuId=30728486,Fulton Pine,,219,12.95,,231.95,,self,floor,180.0,38.0,,180.0,38.0,42.0,"[{""kind"": ""door"", ""count"": 2, ""widthCm"": null, ""depthCm"": null, ""heightCm"": null}, {""kind"": ""drawer"", ""count"": 2, ""widthCm"": null, ""depthCm"": null, ""heightCm"": null}]",,,"90% Particleboard, 5% MDF, 5% Metal",Wood Effect,,,,Free returns,,4.6,177,"Storage: 2 Doors, 2 Drawers, Doors & Drawers, Open Shelf. Max TV Up To 80"". Unit weight 39.3kg."
Dunelm,Dunelm,"Fulton Wide TV Unit for TVs up to 67""",https://www.dunelm.com/product/fulton-wide-tv-stand-1000117134?defaultSkuId=30569993,Fulton Pine,,199,12.95,,211.95,,self,floor,150.0,42.0,,150.0,42.0,45.0,"[{""kind"": ""open"", ""count"": 1, ""widthCm"": 44.3, ""depthCm"": null, ""heightCm"": 14.5}, {""kind"": ""open"", ""count"": 1, ""widthCm"": 44.3, ""depthCm"": null, ""heightCm"": 14.5}, {""kind"": ""open"", ""count"": 1, ""widthCm"": 55.0, ""depthCm"": null, ""heightCm"": 13.8}, {""kind"": ""door"", ""count"": 2, ""widthCm"": null, ""depthCm"": null, ""heightCm"": null}]",,,"85% Particleboard, 10% Metal, 5% MDF",Wood Effect,,,,Free returns,,4.6,112,"Storage: 2 Doors, 2 Shelves, Doors & Drawers, Open Shelf. Max TV Up To 65"". Unit weight ?."
Dunelm,Lassic,"Cosmo 2 Door LED TV for TVs up to 55""",https://www.dunelm.com/product/cosmo-2-door-led-tv-for-tvs-up-to-55-1000292096?defaultSkuId=31056338,Black,,55.2,12.95,,68.15,,self,floor,120.0,40.0,,120.0,40.0,38.0,"[{""kind"": ""open"", ""count"": 1, ""widthCm"": 40.0, ""depthCm"": 38.0, ""heightCm"": 15.0}, {""kind"": ""door"", ""count"": 2, ""widthCm"": null, ""depthCm"": null, ""heightCm"": null}]",,,MDF & Glass,,,,,Free returns,,5,1,"Storage: 2 Doors. Max TV Up To 55"". Unit weight ?."
Dunelm,Dunelm,"Fulton Pine Effect Corner TV Unit for TVs up to 50""",https://www.dunelm.com/product/fulton-corner-tv-stand-1000117129?defaultSkuId=30569978,Fulton Pine,,169,12.95,,181.95,,self,floor,110.0,48.0,,110.0,48.0,45.0,"[{""kind"": ""open"", ""count"": 1, ""widthCm"": 105.9, ""depthCm"": null, ""heightCm"": 12.8}, {""kind"": ""drawer"", ""count"": 2, ""widthCm"": null, ""depthCm"": null, ""heightCm"": null}]",,,"85% Particleboard, 10% Metal, 5% MDF",Wood Effect,,,,Free returns,,4.7,143,"Storage: 2 Drawers, Open Shelf, With Drawers. Max TV Up To 50"". Unit weight ?."
Dunelm,GFW,"Lancaster TV Unit for TVs up to 55""",https://www.dunelm.com/product/lancaster-large-tv-stand-1000169414?defaultSkuId=30705705,Cream,,111.2,12.95,,124.15,,self,floor,130.0,39.5,,130.0,39.5,49.5,"[{""kind"": ""open"", ""count"": 1, ""widthCm"": 58.0, ""depthCm"": null, ""heightCm"": 19.0}, {""kind"": ""door"", ""count"": 2, ""widthCm"": null, ""depthCm"": null, ""heightCm"": null}]",,,Particle Board,Painted,,,,Free returns,,4.1,22,"Storage: 2 Doors, Open Shelf, With Doors. Max TV Up To 55"". Unit weight 30kg."
Dunelm,Dunelm,"Wesley Extra Wide TV Unit for TVs up to 65""",https://www.dunelm.com/product/wesley-wide-tv-unit-for-tvs-up-to-65-1000264692?defaultSkuId=30965554,Dark Wood,,279,12.95,,291.95,,,floor,180.0,36.0,,180.0,36.0,46.0,"[{""kind"": ""open"", ""count"": 3, ""widthCm"": null, ""depthCm"": null, ""heightCm"": null}, {""kind"": ""door"", ""count"": 2, ""widthCm"": null, ""depthCm"": null, ""heightCm"": null}]",,,MDF,,,,,Free returns,,4.2,9,"Storage: 2 Doors, 3 Shelves, With Doors. Max TV Up To 65"". Unit weight ?."
Dunelm,Lassic,"Cosmo 2 Door LED TV for TVs up to 60""",https://www.dunelm.com/product/cosmo-2-door-led-tv-for-tvs-up-to-60-1000292097?defaultSkuId=31056362,White,,60,12.95,,72.95,,self,floor,140.0,40.0,,140.0,40.0,38.0,"[{""kind"": ""open"", ""count"": 1, ""widthCm"": 50.0, ""depthCm"": 38.0, ""heightCm"": 15.0}, {""kind"": ""door"", ""count"": 2, ""widthCm"": null, ""depthCm"": null, ""heightCm"": null}]",,,MDF & Glass,,,,,Free returns,,3.8,4,"Storage: 2 Doors. Max TV Up To 60"". Unit weight ?."
Dunelm,GFW,"Taranto Wide TV Unit for TVs up to 55""",https://www.dunelm.com/product/taranto-wide-tv-unit-1000221938?defaultSkuId=30860229,Walnut,,139,12.95,,151.95,,self,floor,130.0,39.8,,130.0,39.8,43.0,"[{""kind"": ""open"", ""count"": 1, ""widthCm"": 51.0, ""depthCm"": null, ""heightCm"": 14.0}, {""kind"": ""door"", ""count"": 2, ""widthCm"": null, ""depthCm"": null, ""heightCm"": null}]",,,,Wood Effect,,,,Free returns,,4.7,18,"Storage: 2 Doors, Open Shelf, With Doors. Max TV Up To 55"". Unit weight ?."
Dunelm,GFW,"Lancaster TV Unit, Grey and Oak for TVs up to 55""",https://www.dunelm.com/product/lancaster-tv-cabinet-large-1000120460?defaultSkuId=30592825,Grey,,139,12.95,,151.95,,self,floor,130.0,39.5,,130.0,39.5,49.5,"[{""kind"": ""open"", ""count"": 1, ""widthCm"": 58.0, ""depthCm"": null, ""heightCm"": 19.0}, {""kind"": ""door"", ""count"": 2, ""widthCm"": null, ""depthCm"": null, ""heightCm"": null}]",,,Particle Board,Painted,,,,Free returns,,4.2,45,"Storage: 2 Doors, Open Shelf, With Doors. Max TV Up To 55"". Unit weight ?."
Dunelm,Dunelm,"Olney Super Wide TV Unit for TVs up to 60""",https://www.dunelm.com/product/olney-superwide-tv-unit-for-tvs-up-to-60-1000277403?defaultSkuId=30999036,Light Oak Effect,,279,12.95,,291.95,,self,floor,203.0,39.0,,203.0,39.0,45.5,"[{""kind"": ""open"", ""count"": 6, ""widthCm"": null, ""depthCm"": null, ""heightCm"": null}, {""kind"": ""door"", ""count"": 4, ""widthCm"": null, ""depthCm"": null, ""heightCm"": null}]",,,"Particle board, MDF, Paper Foil, Metal Handle",,,,,Free returns,,3.7,7,"Storage: 4 Doors, 6 Shelves, With Doors. Max TV Up To 60"". Unit weight 46.9kg."
Dunelm,Dunelm,"Watson Extra Wide TV Unit for TVs up to 80"", Wood Effect",https://www.dunelm.com/product/watson-extra-wide-tv-unit-for-tvs-up-to-80-1000292930?defaultSkuId=31029339,Mango Wood Effect,,249,12.95,,261.95,,self,floor,183.8,39.0,,183.8,39.0,46.5,"[{""kind"": ""open"", ""count"": 1, ""widthCm"": 43.0, ""depthCm"": 35.0, ""heightCm"": 14.0}, {""kind"": ""open"", ""count"": 1, ""widthCm"": 91.0, ""depthCm"": 39.0, ""heightCm"": 8.0}, {""kind"": ""door"", ""count"": 2, ""widthCm"": null, ""depthCm"": null, ""heightCm"": null}, {""kind"": ""drawer"", ""count"": 2, ""widthCm"": null, ""depthCm"": null, ""heightCm"": null}]",,,"Particle Board, MDF, Metal",,,,,Free returns,,0,0,"Storage: 2 Doors, 2 Drawers, 2 Internal Shelves. Max TV ?. Unit weight ?."
Dunelm,Dunelm,"Jaxon Wide TV Unit for TVs up to 65""",https://www.dunelm.com/product/jaxon-wide-tv-unit-for-tvs-up-to-65-1000264687?defaultSkuId=30965564,Mulberry,,223.2,12.95,,236.15,,,floor,180.0,36.0,,180.0,36.0,46.5,"[{""kind"": ""open"", ""count"": 4, ""widthCm"": null, ""depthCm"": null, ""heightCm"": null}, {""kind"": ""door"", ""count"": 4, ""widthCm"": null, ""depthCm"": null, ""heightCm"": null}]",,,Painted MDF,,,,,Free returns,,4.3,19,"Storage: 4 Doors, 4 Shelves, With Doors. Max TV Up To 65"". Unit weight 32.5kg."
Dunelm,Dunelm,"Olney Open Corner TV Unit for TVs up to 55"", Stone",https://www.dunelm.com/product/olney-open-corner-tv-unit-for-tvs-up-to-55-stone-1000255861?defaultSkuId=30924848,Stone,,199,12.95,,211.95,,self,floor,130.0,100.0,,130.0,100.0,40.0,"[{""kind"": ""open"", ""count"": 1, ""widthCm"": 90.0, ""depthCm"": null, ""heightCm"": 18.5}, {""kind"": ""open"", ""count"": 1, ""widthCm"": 100.0, ""depthCm"": null, ""heightCm"": 18.5}]",,,"Particleboard, Paper Foil, Metal Handle",,,,,Free returns,,4.5,43,"Storage: Open Shelf. Max TV Up To 55"". Unit weight 34.75kg."
Dunelm,GFW,"Sorrel Wide TV Unit for TVs up to 55"", Wood Effect",https://www.dunelm.com/product/sorrel-wide-tv-unit-for-tvs-up-to-55-wood-effect-1000287981?defaultSkuId=31029320,Light Wood Effect,,249,12.95,,261.95,,self,floor,140.0,39.0,,140.0,39.0,60.5,"[{""kind"": ""open"", ""count"": 1, ""widthCm"": null, ""depthCm"": null, ""heightCm"": null}, {""kind"": ""door"", ""count"": 2, ""widthCm"": null, ""depthCm"": null, ""heightCm"": null}, {""kind"": ""drawer"", ""count"": 1, ""widthCm"": null, ""depthCm"": null, ""heightCm"": null}]",,,Rubberwood,,,,,Free returns,,0,0,"Storage: 1 Drawer, 1 Shelf, 2 Doors. Max TV ?. Unit weight ?."
Dunelm,GFW,"Canyon TV Unit, Oak for TVs up to 65""",https://www.dunelm.com/product/canyon-oak-tv-stand-1000110362?defaultSkuId=30498586,Natural,,143.2,12.95,,156.15,,self,floor,147.0,45.0,,147.0,45.0,60.0,"[{""kind"": ""open"", ""count"": 1, ""widthCm"": 48.0, ""depthCm"": null, ""heightCm"": 24.5}, {""kind"": ""door"", ""count"": 2, ""widthCm"": null, ""depthCm"": null, ""heightCm"": null}]",,,Particle Board,Oak Effect,,,,Free returns,,4.8,23,"Storage: 2 Doors, Open Shelf, With Doors. Max TV Up To 65"". Unit weight ?."
Dunelm,Dunelm,"Jordyn Extra Wide TV Unit for TVs up to 80"", Mango Wood Effect",https://www.dunelm.com/product/jordyn-extra-wide-tv-unit-for-tvs-up-to-80-mango-wood-effect-1000292925?defaultSkuId=31029356,Mango Wood Effect,,149,12.95,,161.95,,self,floor,185.0,39.5,,185.0,39.5,56.0,"[{""kind"": ""open"", ""count"": 1, ""widthCm"": 60.6, ""depthCm"": 35.0, ""heightCm"": 16.2}, {""kind"": ""open"", ""count"": 1, ""widthCm"": 58.9, ""depthCm"": 35.0, ""heightCm"": 16.2}, {""kind"": ""open"", ""count"": 1, ""widthCm"": 58.9, ""depthCm"": 35.0, ""heightCm"": 16.2}, {""kind"": ""door"", ""count"": 2, ""widthCm"": null, ""depthCm"": null, ""heightCm"": null}]",,,"Particle Board, MDF, Faux Rattan, Pine",Wood Effect,,,,Free returns,,0,0,"Storage: 2 Doors, 3 Shelves. Max TV ?. Unit weight ?."
Dunelm,Dunelm,"Bennie Wide TV Unit for TVs up to 55""",https://www.dunelm.com/product/bennie-wide-tv-unit-for-tvs-up-to-55-1000283200?defaultSkuId=31019098,Stone,,129,12.95,,141.95,,self,floor,150.0,40.0,,150.0,40.0,50.0,"[{""kind"": ""drawer"", ""count"": 1, ""widthCm"": null, ""depthCm"": null, ""heightCm"": null}]",,,Metal,,,,,Free returns,,4.8,6,Storage: 1 Drawer. Max TV ?. Unit weight ?.
Dunelm,Dunelm,"Fulton Pine Ladder Shelf TV Unit for TVs up to 60""",https://www.dunelm.com/product/fulton-ladder-shelf-tv-stand-1000183013?defaultSkuId=30712487,Fulton Pine,,279,12.95,,291.95,,self,floor,153.0,38.0,,153.0,38.0,181.0,"[{""kind"": ""open"", ""count"": 1, ""widthCm"": 148.0, ""depthCm"": null, ""heightCm"": 36.5}, {""kind"": ""open"", ""count"": 1, ""widthCm"": 148.0, ""depthCm"": null, ""heightCm"": 84.5}, {""kind"": ""open"", ""count"": 1, ""widthCm"": 60.0, ""depthCm"": null, ""heightCm"": 12.7}, {""kind"": ""door"", ""count"": 2, ""widthCm"": null, ""depthCm"": null, ""heightCm"": null}]",,,"87% Particleboard, 10% Metal, 3% MDF",Wood Effect,,,,Free returns,,4.7,236,"Storage: 2 Doors, Open Shelf, With Doors. Max TV Up To 60"". Unit weight ?."
Dunelm,Dunelm,"Bromley II Wide TV Stand for TVs up to 55""",https://www.dunelm.com/product/bromley-ii-wide-tv-stand-for-tvs-up-to-55-1000266703?defaultSkuId=30973552,Oak,,249,12.95,,261.95,,,floor,130.0,38.0,,130.0,38.0,46.0,"[{""kind"": ""open"", ""count"": 1, ""widthCm"": null, ""depthCm"": null, ""heightCm"": null}, {""kind"": ""door"", ""count"": 2, ""widthCm"": null, ""depthCm"": null, ""heightCm"": null}]",,,"Top: Oak, MDF Veneer Oak, Base: Pine Painted, MDF Painted",,,,,Free returns,,4.6,13,"Storage: 1 Shelf, 2 Doors, Open Shelf, With Doors. Max TV Up To 55"". Unit weight 17.5kg."
Dunelm,GFW,"Orleans TV Unit for TVs up to 50""",https://www.dunelm.com/product/orleans-tv-stand-1000169392?defaultSkuId=30705712,Brown,,129,12.95,,141.95,,self,floor,116.0,39.5,,116.0,39.5,49.0,"[{""kind"": ""open"", ""count"": 1, ""widthCm"": 43.0, ""depthCm"": null, ""heightCm"": 11.0}, {""kind"": ""door"", ""count"": 2, ""widthCm"": null, ""depthCm"": null, ""heightCm"": null}, {""kind"": ""drawer"", ""count"": 1, ""widthCm"": null, ""depthCm"": null, ""heightCm"": null}]",,,Particle Board,Wood Effect,,,,Free returns,,4.5,23,"Storage: 1 Drawer, 2 Doors, Doors & Drawers, Open Shelf. Max TV Up To 50"". Unit weight 22.7kg."
Dunelm,Frank Olsen Furniture,"Elevate SMART LED TV Unit for TVs up to 67""",https://www.dunelm.com/product/elevate-smart-led-tv-cabinet-1000205162?defaultSkuId=30792851,Elevate White,,319.2,12.95,,332.15,,self,floor,151.0,40.0,,151.0,40.0,52.0,"[{""kind"": ""open"", ""count"": 3, ""widthCm"": null, ""depthCm"": null, ""heightCm"": null}, {""kind"": ""door"", ""count"": 3, ""widthCm"": null, ""depthCm"": null, ""heightCm"": null}]",,,"DOORS High Gloss Painted MDF, Remaining Melamine Wrapped MFC.",Gloss,,,,Free returns,,4,6,"Storage: 3 Doors, 3 Shelves, With Doors. Max TV Up To 70"". Unit weight ?."
Dunelm,Dunelm,"Georgi Wide TV Unit for TVs up to 55""",https://www.dunelm.com/product/georgi-wide-tv-unit-1000218575?defaultSkuId=30825453,Georgi Black,,229,12.95,,241.95,,self,floor,130.0,39.6,,130.0,39.6,54.0,"[{""kind"": ""open"", ""count"": 1, ""widthCm"": 41.6, ""depthCm"": 35.2, ""heightCm"": null}, {""kind"": ""door"", ""count"": 2, ""widthCm"": null, ""depthCm"": null, ""heightCm"": null}]",,,"Top and Carcass: Particle board & Melamine, Door Fronts: Waved MDF with Painted Lacquer. Legs and Handles: Metal",Painted,,,,Free returns,,4.5,60,"Storage: 2 Doors, Open Shelf, With Doors. Max TV Up To 55"". Unit weight ?."
Dunelm,GFW,"Galicia LED Wide Floating Wall TV Unit for TVs up to 67""",https://www.dunelm.com/product/galicia-150cm-led-wall-tv-unit-1000156241?defaultSkuId=30662653,Galicia White,,95.2,12.95,,108.15,,self,wall-mounted,150.0,38.0,,150.0,38.0,30.0,"[{""kind"": ""open"", ""count"": 1, ""widthCm"": 72.5, ""depthCm"": null, ""heightCm"": 21.5}, {""kind"": ""open"", ""count"": 1, ""widthCm"": null, ""depthCm"": null, ""heightCm"": null}, {""kind"": ""door"", ""count"": 2, ""widthCm"": null, ""depthCm"": null, ""heightCm"": null}]",,,Particle Board,Gloss,,,,Free returns,,4.2,38,"Storage: 2 Doors, 2 Shelves, With Doors. Max TV Up To 70"". Unit weight ?."
Dunelm,AVF,AVF Calibre Extra Wide TV Stand for TVs up to 80”,https://www.dunelm.com/product/calibre-wide-tv-stand-180cm-oak-effect-1000210513?defaultSkuId=30812140,Calibre Oak,,299,12.95,,311.95,,self,floor,180.0,50.8,,180.0,50.8,41.4,[],,,MDF,,,,,Free returns,,4.4,10,"Storage: Open Shelf. Max TV Up To 80"". Unit weight ?."
Dunelm,Dunelm,"Hatton Extra Wide TV Unit For TVs Up To 75"", Oak Effect",https://www.dunelm.com/product/hatton-extra-wide-tv-unit-for-tvs-up-to-75-oak-effect-1000260830?defaultSkuId=30927270,Oak,,249,12.95,,261.95,,self,floor,180.0,40.0,,180.0,40.0,50.0,"[{""kind"": ""open"", ""count"": 2, ""widthCm"": null, ""depthCm"": null, ""heightCm"": null}]",,,"PB, MDF, Rubber Wood and Paper Foil",,,,,Free returns,,5,1,"Storage: 2 Shelves, With Doors. Max TV ?. Unit weight ?."
Dunelm,Seconique,"Corona 2 Drawer TV Unit for TVs up to 42""",https://www.dunelm.com/product/corona-2-drawer-tv-unit-1000210563?defaultSkuId=30817460,Weathered Pine (Brown),,109,12.95,,121.95,,self,floor,108.0,45.0,,108.0,45.0,54.0,"[{""kind"": ""drawer"", ""count"": 2, ""widthCm"": null, ""depthCm"": null, ""heightCm"": null}]",,,"Particle Board, MDF, Pine",Pine Effect,,,,Free returns,,4.6,33,"Storage: 2 Drawers, Open Shelf, With Drawers. Max TV Up To 42"". Unit weight ?."
Dunelm,Frank Olsen Furniture,"Intel LED 1500 TV Unit for TV's up to 70""",https://www.dunelm.com/product/intel-led-1500-tv-unit-1000205164?defaultSkuId=30792882,Intel Black,,367.2,12.95,,380.15,,self,floor,150.0,42.0,,150.0,42.0,50.6,"[{""kind"": ""open"", ""count"": 3, ""widthCm"": null, ""depthCm"": null, ""heightCm"": null}, {""kind"": ""door"", ""count"": 3, ""widthCm"": null, ""depthCm"": null, ""heightCm"": null}]",,,"High Gloss Painted MDF, Tempered Glass Top",Gloss,,,,Free returns,,5,1,"Storage: 3 Doors, 3 Shelves, With Doors. Max TV Up To 70"". Unit weight ?."
Dunelm,Cedar & Sage,"Hanley Parquet Wide TV Unit for TVs up to 75""",https://www.dunelm.com/product/hanley-parquet-wide-tv-unit-for-tvs-up-to-75-1000283235?defaultSkuId=31025639,Light Oak,,349,12.95,,361.95,,,floor,180.0,35.0,,180.0,35.0,45.0,"[{""kind"": ""door"", ""count"": 2, ""widthCm"": null, ""depthCm"": null, ""heightCm"": null}]",,,"MDF, Rubber Wood, Oak Veneer",,,,,Free returns,,1,1,"Storage: 1 Internal Shelf, 2 Doors. Max TV Up To 75"". Unit weight 36kg."
Dunelm,Dunelm,"Nixon TV Unit for TVs up to 55""",https://www.dunelm.com/product/nixon-tv-unit-1000231255?defaultSkuId=31016241,Black,,99,12.95,,111.95,,self,floor,120.0,39.0,,120.0,39.0,50.0,"[{""kind"": ""door"", ""count"": 2, ""widthCm"": null, ""depthCm"": null, ""heightCm"": null}]",,,"Particle Board, MDF, Steel",,,,,Free returns,,4.5,44,"Storage: 2 Doors, Open Shelf, With Doors. Max TV Up To 55"". Unit weight 22.8kg."
Dunelm,Welcome Furniture,"Darlton Small TV Unit for TVs up to 50""",https://www.dunelm.com/product/darlton-small-tv-unit-for-tvs-up-to-50-1000271326?defaultSkuId=30996390,Kobe Pink,,249,12.95,,261.95,,,floor,110.0,40.0,,110.0,40.0,57.0,"[{""kind"": ""open"", ""count"": 2, ""widthCm"": null, ""depthCm"": null, ""heightCm"": null}, {""kind"": ""door"", ""count"": 1, ""widthCm"": null, ""depthCm"": null, ""heightCm"": null}]",,,"Main Body & Top: MFC, Door Fronts: Vinyl Wrapped MDF, Back: hardboard, Legs & Handles: Metal",,,,,Free returns,,0,0,"Storage: 1 Door, 2 Shelves. Max TV Up To 50"". Unit weight ?."
Dunelm,Dunelm,"Bromley II Extra Wide TV Unit for TVs up to 65""",https://www.dunelm.com/product/bromley-ii-extra-wide-tv-unit-for-tvs-up-to-65-1000266695?defaultSkuId=30973500,Oak,,299,12.95,,311.95,,,floor,180.0,38.0,,180.0,38.0,46.0,"[{""kind"": ""open"", ""count"": 6, ""widthCm"": null, ""depthCm"": null, ""heightCm"": null}, {""kind"": ""door"", ""count"": 2, ""widthCm"": null, ""depthCm"": null, ""heightCm"": null}]",,,"Top: Oak, MDF Veneer Oak, Sideframe: Oak, Rubber Wood Veneer Oak, Pine, MDF Veneer Oak, Drawer: Rubber Wood Veneer Oak, MDF V Oak, Pine",,,,,Free returns,,4.6,17,"Storage: 2 Doors, 6 Shelves, Doors & Drawers. Max TV Up To 65"". Unit weight 23.5kg."
Dunelm,Dunelm,"Daphne Extra Wide TV Unit for TVs Up To 75""",https://www.dunelm.com/product/daphne-extra-wide-tv-unit-for-tvs-up-to-75-1000293573?defaultSkuId=31040060,Burgundy,,229,12.95,,241.95,,self,floor,180.0,41.0,,180.0,41.0,53.0,"[{""kind"": ""open"", ""count"": 1, ""widthCm"": 86.0, ""depthCm"": 39.3, ""heightCm"": 10.5}, {""kind"": ""door"", ""count"": 2, ""widthCm"": null, ""depthCm"": null, ""heightCm"": null}]",,,"27.8% particle board, 70.2% MDF, 2% beech wood",,,,,Free returns,,0,0,"Storage: 1 Shelf, 2 Doors. Max TV ?. Unit weight 40.1kg."
Dunelm,Seconique,"Tortilla TV Unit, Pine for TVs up to 48""",https://www.dunelm.com/product/tortilla-tv-stand-1000103851?defaultSkuId=30457422,Natural,,111.2,12.95,,124.15,,self,floor,107.0,45.0,,107.0,45.0,52.0,"[{""kind"": ""drawer"", ""count"": 1, ""widthCm"": null, ""depthCm"": null, ""heightCm"": null}]",,,Pine,Pine,,,,Free returns,,4.4,13,"Storage: 1 Drawer, Open Shelf, With Drawers. Max TV Up To 48"". Unit weight ?."
Dunelm,GFW,"Galicia LED Extra Wide Floating Wall TV Unit for TVs up to 80""",https://www.dunelm.com/product/galicia-180cm-led-wide-wall-tv-unit-1000156242?defaultSkuId=30662657,Galicia White,,111.2,12.95,,124.15,,self,wall-mounted,180.0,38.0,,180.0,38.0,30.0,"[{""kind"": ""open"", ""count"": 1, ""widthCm"": 87.5, ""depthCm"": null, ""heightCm"": 21.5}, {""kind"": ""door"", ""count"": 2, ""widthCm"": null, ""depthCm"": null, ""heightCm"": null}]",,,Particle Board,Gloss,,,,Free returns,,4.1,31,"Storage: 2 Doors, Open Shelf, With Doors. Max TV Up To 80"". Unit weight ?."
Dunelm,Dunelm,"Holden Superwide TV Unit for TVs up to 80"", Oak",https://www.dunelm.com/product/holden-superwide-tv-unit-for-tvs-up-to-80-1000283220?defaultSkuId=31006267,Light Wood,,199.5,12.95,,212.45,,,floor,200.0,40.0,,200.0,40.0,55.0,"[{""kind"": ""open"", ""count"": 2, ""widthCm"": null, ""depthCm"": null, ""heightCm"": null}, {""kind"": ""drawer"", ""count"": 2, ""widthCm"": null, ""depthCm"": null, ""heightCm"": null}]",,,"MDF Veneer Oak, Pine, Rubber Veneer Oak, Plywood",,,,,Free returns,,0,0,"Storage: 2 Drawers, 2 Shelves. Max TV Up To 80"". Unit weight 35kg."
Dunelm,Seconique,"Corona Rattan TV Stand for TVs up to 50""",https://www.dunelm.com/product/corona-rattan-tv-stand-for-tvs-up-to-50-1000240839?defaultSkuId=30913954,Brown,,71.2,12.95,,84.15,,self,floor,120.0,40.0,,120.0,40.0,45.0,"[{""kind"": ""open"", ""count"": 1, ""widthCm"": 67.5, ""depthCm"": null, ""heightCm"": 13.0}, {""kind"": ""door"", ""count"": 1, ""widthCm"": null, ""depthCm"": null, ""heightCm"": null}, {""kind"": ""drawer"", ""count"": 1, ""widthCm"": null, ""depthCm"": null, ""heightCm"": null}]",,,Top and Main Body: Pine. Handle: Metal. Doors: Rattan Finish,Pine Effect,,,,Free returns,,3,1,"Storage: 1 Door, 1 Drawer, Doors & Drawers, Open Shelf. Max TV Up To 50"". Unit weight ?."
Dunelm,Seconique,"Panama TV Unit, Pine for TVs up to 55""",https://www.dunelm.com/product/panama-tv-stand-1000097766?defaultSkuId=30359237,Pine (Brown),,87.2,12.95,,100.15,,self,floor,120.0,40.0,,120.0,40.0,50.5,"[{""kind"": ""open"", ""count"": 1, ""widthCm"": 41.5, ""depthCm"": null, ""heightCm"": 19.0}, {""kind"": ""door"", ""count"": 2, ""widthCm"": null, ""depthCm"": null, ""heightCm"": null}]",,,"Pine, Metal handles, Plywood back panel",Pine Effect,,,,Free returns,,3.8,16,"Storage: 2 Doors, Open Shelf, With Doors. Max TV Up To 55"". Unit weight ?."
Dunelm,Dunelm,"Corin Metal TV Unit for TVs up to 50""",https://www.dunelm.com/product/corin-metal-tv-unit-for-tvs-up-to-50-1000283234?defaultSkuId=30971892,Stone,,64.5,12.95,,77.45,,,floor,120.0,35.0,,120.0,35.0,81.0,"[{""kind"": ""open"", ""count"": 3, ""widthCm"": null, ""depthCm"": null, ""heightCm"": null}, {""kind"": ""door"", ""count"": 3, ""widthCm"": null, ""depthCm"": null, ""heightCm"": null}]",,,Metal,,,,,Free returns,,2.6,7,"Storage: 3 Doors, 3 Shelves. Max TV Up To 50"". Unit weight 18.75kg."
Dunelm,Dunelm,"Elsie TV Unit for TVs up to 55""",https://www.dunelm.com/product/elsie-tv-unit-for-tvs-up-to-55-1000268163?defaultSkuId=30971927,Lilypad,,149,12.95,,161.95,,self,floor,120.0,40.0,,120.0,40.0,45.0,"[{""kind"": ""open"", ""count"": 2, ""widthCm"": null, ""depthCm"": null, ""heightCm"": null}]",,,"Main body: MDF, Legs: Bamboo",,,,,Free returns,,4.6,12,"Storage: 2 Shelves, Doors & Drawers. Max TV Up To 55"". Unit weight 29kg."
Dunelm,Dunelm,"Kyler Wide TV Unit for TVs up to 65""",https://www.dunelm.com/product/kyler-wide-tv-unit-for-tvs-up-to-65-1000268308?defaultSkuId=30981498,Oak Effect,,249,12.95,,261.95,,self,floor,160.0,47.0,,160.0,47.0,42.5,"[{""kind"": ""open"", ""count"": 1, ""widthCm"": 36.0, ""depthCm"": null, ""heightCm"": 14.5}, {""kind"": ""open"", ""count"": 4, ""widthCm"": null, ""depthCm"": null, ""heightCm"": null}, {""kind"": ""door"", ""count"": 2, ""widthCm"": null, ""depthCm"": null, ""heightCm"": null}, {""kind"": ""drawer"", ""count"": 1, ""widthCm"": null, ""depthCm"": null, ""heightCm"": null}]",,,"Oak, Oak Venner and PB",Oak Effect,,,,Free returns,,4.7,3,"Storage: 1 Drawer, 2 Doors, 5 Shelves, Doors & Drawers, Open Shelf. Max TV Up To 65"". Unit weight 45kg."
Dunelm,Frank Olsen Furniture,"Ava Extra Wide TV Unit for TVs up to 70""",https://www.dunelm.com/product/ava-extra-wide-tv-stand-for-tvs-up-to-70-1000240343?defaultSkuId=30904873,Midnight,,383.2,12.95,,396.15,,self,floor,150.0,40.0,,150.0,40.0,56.0,"[{""kind"": ""open"", ""count"": 1, ""widthCm"": 35.0, ""depthCm"": null, ""heightCm"": 15.5}, {""kind"": ""open"", ""count"": 1, ""widthCm"": null, ""depthCm"": null, ""heightCm"": null}, {""kind"": ""door"", ""count"": 4, ""widthCm"": null, ""depthCm"": null, ""heightCm"": null}]",,,"MDF with a paint finish, Melamine interior",Gloss,,,,Free returns,,3.7,3,"Storage: 2 Shelves, 4 Doors, With Doors. Max TV Up To 70"". Unit weight ?."
Dunelm,Frank Olsen Furniture,"Intel LED Corner TV Unit for TV's up to 50""",https://www.dunelm.com/product/intel-led-corner-tv-unit-1000205165?defaultSkuId=30935421,White,,319.2,12.95,,332.15,,self,floor,120.0,42.0,,120.0,42.0,50.6,"[{""kind"": ""open"", ""count"": 2, ""widthCm"": null, ""depthCm"": null, ""heightCm"": null}, {""kind"": ""door"", ""count"": 2, ""widthCm"": null, ""depthCm"": null, ""heightCm"": null}]",,,"High Gloss Painted MDF, Tempered Glass Top",Gloss,,,,Free returns,,4.8,5,"Storage: 2 Doors, 2 Shelves, With Doors. Max TV Up To 50"". Unit weight ?."
Dunelm,GFW,"Galicia Extra Wide TV Unit with Shelving for TVs up to 75""",https://www.dunelm.com/product/delta-extra-wide-open-shelf-tv-unit-for-tvs-up-to-75-1000270811?defaultSkuId=30990509,Grey,,279,12.95,,291.95,,self,floor,180.0,38.0,,180.0,38.0,30.0,[],,,Particle Board,,,,,Free returns,,3,2,"Storage: not stated. Max TV Up To 75"". Unit weight ?."
Dunelm,Dunelm,"Elsie Extra Wide TV Unit for TVs up to 75""",https://www.dunelm.com/product/elsie-wide-tv-unit-for-tvs-up-to-75-1000268162?defaultSkuId=30971928,Lilypad,,199,12.95,,211.95,,self,floor,180.0,40.0,,180.0,40.0,45.0,"[{""kind"": ""open"", ""count"": 2, ""widthCm"": null, ""depthCm"": null, ""heightCm"": null}]",,,"Main body: MDF, Legs: Bamboo",,,,,Free returns,,5,7,"Storage: 2 Shelves, Doors & Drawers. Max TV Up To 75"". Unit weight ?."
Dunelm,LPD,"Alexander TV Unit for TVs up to 55""",https://www.dunelm.com/product/alexander-tv-unit-1000210562?defaultSkuId=30810663,Wood Brown,,179,12.95,,191.95,,self,floor,128.2,39.4,,128.2,39.4,48.5,"[{""kind"": ""door"", ""count"": 2, ""widthCm"": null, ""depthCm"": null, ""heightCm"": null}]",,,"Particle board/MDF, rattan fronts, metal handles",Wood Effect,,,,Free returns,,4.3,3,"Storage: 2 Doors, Open Shelf, With Doors. Max TV Up To 55"". Unit weight 26kg."
Dunelm,AVF,"Panorama Reversible Top Wide TV Unit for TVs up to 70""",https://www.dunelm.com/product/panorama-wide-tv-stand-160cm-1000210523?defaultSkuId=30812429,Walnut (Brown),,379,12.95,,391.95,,self,floor,160.0,,,160.0,,37.0,[],,,"Steel, MDF and Glass",,,,,Free returns,,5,3,"Storage: not stated. Max TV Up To 70"". Unit weight 39.54kg."
Dunelm,Dunelm,Helga Metal Low Sideboard,https://www.dunelm.com/product/helga-metal-tv-stand-1000236943?defaultSkuId=30933930,Black,,89,12.95,,101.95,,,floor,117.0,38.0,,117.0,38.0,55.7,"[{""kind"": ""open"", ""count"": 2, ""widthCm"": null, ""depthCm"": null, ""heightCm"": null}, {""kind"": ""door"", ""count"": 2, ""widthCm"": null, ""depthCm"": null, ""heightCm"": null}]",,,Metal Powder Coating,,,,,Free returns,,4.2,69,"Storage: 2 Doors, 2 Shelves, With Doors. Max TV ?. Unit weight ?."
Dunelm,GFW,"Boston TV Unit, Grey for TVs up to 50""",https://www.dunelm.com/product/boston-tv-stand-1000169398?defaultSkuId=30705678,Grey,,119,12.95,,131.95,,self,floor,113.0,39.2,,113.0,39.2,43.0,"[{""kind"": ""open"", ""count"": 1, ""widthCm"": 40.5, ""depthCm"": null, ""heightCm"": 11.5}, {""kind"": ""open"", ""count"": 1, ""widthCm"": null, ""depthCm"": null, ""heightCm"": null}, {""kind"": ""door"", ""count"": 2, ""widthCm"": null, ""depthCm"": null, ""heightCm"": null}]",,,Particle Board,Wood Effect,,,,Free returns,,4.8,36,"Storage: 2 Doors, 2 Shelves, Doors & Drawers, Open Shelf. Max TV Up To 50"". Unit weight 23.7kg."
Dunelm,Welcome Furniture,"Harborne Small TV Unit for TVs up to 50""",https://www.dunelm.com/product/harborne-small-tv-unit-for-tvs-up-to-50-1000271333?defaultSkuId=31007380,Walnut,,279,12.95,,291.95,,,floor,110.0,40.0,,110.0,40.0,57.0,"[{""kind"": ""open"", ""count"": 2, ""widthCm"": null, ""depthCm"": null, ""heightCm"": null}, {""kind"": ""door"", ""count"": 1, ""widthCm"": null, ""depthCm"": null, ""heightCm"": null}]",,,"Main Body & Top: MFC, Door Fronts: Vinyl Wrapped MDF, Back: hardboard, Legs & Handles: Metal",,,,,Free returns,,0,0,"Storage: 1 Door, 2 Shelves. Max TV Up To 50"". Unit weight ?."
Dunelm,Frank Olsen Furniture,"Iona Smart Large TV Unit for TVs up to 67""",https://www.dunelm.com/product/iona-smart-large-tv-unit-1000217047?defaultSkuId=30848650,Grey,,367.2,12.95,,380.15,,self,floor,150.0,40.0,,150.0,40.0,56.0,"[{""kind"": ""open"", ""count"": 1, ""widthCm"": 35.0, ""depthCm"": null, ""heightCm"": 15.4}, {""kind"": ""open"", ""count"": 1, ""widthCm"": null, ""depthCm"": null, ""heightCm"": null}, {""kind"": ""door"", ""count"": 3, ""widthCm"": null, ""depthCm"": null, ""heightCm"": null}]",,,"MDF, Melamine, Metal",Gloss,,,,Free returns,,5,1,"Storage: 2 Shelves, 3 Doors, With Doors. Max TV Up To 70"". Unit weight ?."
Dunelm,Julian Bowen,"Curve TV Unit, Oak for TVs up to 50""",https://www.dunelm.com/product/curve-oak-tv-unit-1000169311?defaultSkuId=30705743,Oak (Brown),,349,12.95,,361.95,,,floor,115.0,40.0,,115.0,40.0,45.0,"[{""kind"": ""open"", ""count"": 1, ""widthCm"": 105.0, ""depthCm"": null, ""heightCm"": 17.0}, {""kind"": ""drawer"", ""count"": 3, ""widthCm"": null, ""depthCm"": null, ""heightCm"": null}]",,,"99% Wood, 1% Metal",Oak,,,,Free returns,,4.9,18,"Storage: 3 Drawers, Open Shelf, With Drawers. Max TV Up To 50"". Unit weight 23kg."
Dunelm,Dunelm,"Georgi Super Wide TV Unit for TVs up to 80""",https://www.dunelm.com/product/georgi-super-wide-tv-unit-for-tvs-up-to-80-1000282029?defaultSkuId=31025646,Black,,299,12.95,,311.95,,self,floor,200.0,39.5,,200.0,39.5,54.0,"[{""kind"": ""open"", ""count"": 2, ""widthCm"": null, ""depthCm"": null, ""heightCm"": null}, {""kind"": ""door"", ""count"": 2, ""widthCm"": null, ""depthCm"": null, ""heightCm"": null}]",,,"PB, MDF, Metal",,,,,Free returns,,4.5,2,"Storage: 2 Doors, 2 Shelves. Max TV Up To 80"". Unit weight ?."
Dunelm,Julian Bowen,"Lowry Standard TV Unit for TVs up to 50""",https://www.dunelm.com/product/lowry-standard-tv-unit-for-tvs-up-to-50-1000262455?defaultSkuId=30983952,Medium Wood,,399,12.95,,411.95,,self,floor,120.0,40.0,,120.0,40.0,50.0,[],,,"99% Wood, 1% Metal",,,,,Free returns,,0,0,"Storage: not stated. Max TV Up To 50"". Unit weight ?."
Dunelm,Frank Olsen Furniture,"Iona Smart Corner TV Unit for TVs up to 55""",https://www.dunelm.com/product/iona-smart-corner-tv-unit-1000217048?defaultSkuId=30848653,Grey,,319.2,12.95,,332.15,,self,floor,120.0,40.0,,120.0,40.0,56.0,"[{""kind"": ""open"", ""count"": 1, ""widthCm"": 35.0, ""depthCm"": null, ""heightCm"": 15.4}, {""kind"": ""open"", ""count"": 1, ""widthCm"": null, ""depthCm"": null, ""heightCm"": null}, {""kind"": ""door"", ""count"": 2, ""widthCm"": null, ""depthCm"": null, ""heightCm"": null}]",,,"MDF, Melamine, Metal",Gloss,,,,Free returns,,5,2,"Storage: 2 Doors, 2 Shelves, With Doors. Max TV Up To 55"". Unit weight ?."
Dunelm,Dunelm,"Nixon Extra Wide TV Unit for TVs up to 80""",https://www.dunelm.com/product/nixon-extra-wide-tv-unit-for-tvs-up-to-80-1000253354?defaultSkuId=31016215,Black,,179,12.95,,191.95,,self,floor,180.0,40.0,,180.0,40.0,40.0,"[{""kind"": ""open"", ""count"": 1, ""widthCm"": 40.0, ""depthCm"": null, ""heightCm"": 10.0}, {""kind"": ""door"", ""count"": 2, ""widthCm"": null, ""depthCm"": null, ""heightCm"": null}, {""kind"": ""drawer"", ""count"": 1, ""widthCm"": null, ""depthCm"": null, ""heightCm"": null}]",,,"PB/MDF, Leg: steel tube, Handles: Metal",,,,,Free returns,,4.4,7,"Storage: 1 Drawer, 2 Doors, Doors & Drawers. Max TV Up To 80"". Unit weight 33.9kg."
Dunelm,Seconique,"Corona 2 Door TV Unit, Pine for TVs up to 55""",https://www.dunelm.com/product/corona-pine-2-door-1-shelf-flat-screen-tv-unit-1000108337?defaultSkuId=30499909,Natural,,95.2,12.95,,108.15,,self,floor,120.0,40.0,,120.0,40.0,52.0,"[{""kind"": ""door"", ""count"": 2, ""widthCm"": null, ""depthCm"": null, ""heightCm"": null}]",,,Pine,Pine Effect,,,,Free returns,,4.6,27,"Storage: 2 Doors, Open Shelf, With Doors. Max TV Up To 55"". Unit weight ?."
Dunelm,Cedar & Sage,"Pinxton TV Unit for TVs up to 55""",https://www.dunelm.com/product/pinxton-tv-stand-1000238760?defaultSkuId=30911974,Natural,,379,12.95,,391.95,,,floor,125.7,40.0,,125.7,40.0,40.0,"[{""kind"": ""open"", ""count"": 2, ""widthCm"": null, ""depthCm"": null, ""heightCm"": null}, {""kind"": ""door"", ""count"": 2, ""widthCm"": null, ""depthCm"": null, ""heightCm"": null}]",,,"MDF, Acacia Veneer, White Oak, White Oak Veneer",,,,,Free returns,,0,0,"Storage: 2 Doors, 2 Shelves, With Doors. Max TV Up To 55"". Unit weight 29kg."
Dunelm,Welcome Furniture,"Darlton Extra Wide TV Unit for TVs up to 80""",https://www.dunelm.com/product/darlton-extra-wide-tv-unit-for-tvs-up-to-80-1000271323?defaultSkuId=30996445,Walnut,,379,12.95,,391.95,,,floor,180.0,39.0,,180.0,39.0,57.0,"[{""kind"": ""open"", ""count"": 2, ""widthCm"": null, ""depthCm"": null, ""heightCm"": null}, {""kind"": ""door"", ""count"": 2, ""widthCm"": null, ""depthCm"": null, ""heightCm"": null}]",,,"Main Body & Top: MFC, Door Fronts: Vinyl Wrapped MDF, Back: hardboard, Legs & Handles: Metal",,,,,Free returns,,1,1,"Storage: 2 Doors, 2 Shelves. Max TV Up To 80"". Unit weight ?."
Dunelm,Welcome Furniture,"Tuxford Small TV Unit for TVs up to 50""",https://www.dunelm.com/product/tuxford-small-tv-unit-for-tvs-up-to-50-1000271060?defaultSkuId=31000443,Black Ash,,279,12.95,,291.95,,,floor,110.0,40.0,,110.0,40.0,57.0,"[{""kind"": ""open"", ""count"": 2, ""widthCm"": null, ""depthCm"": null, ""heightCm"": null}, {""kind"": ""door"", ""count"": 1, ""widthCm"": null, ""depthCm"": null, ""heightCm"": null}]",,,"Main Body & Top: MFC, Door Fronts: Vinyl Wrapped MDF, Back: hardboard, Legs & Handles: Metal",,,,,Free returns,,0,0,"Storage: 1 Door, 2 Shelves. Max TV Up To 50"". Unit weight ?."
Dunelm,Dunelm,"Maxton Extra Wide TV Unit For TVs up to 70"", Mango Wood",https://www.dunelm.com/product/maxton-extra-wide-tv-unit-for-tvs-up-to-70-mango-wood-1000282907?defaultSkuId=31000564,Dark Mango Wood,,499,12.95,,511.95,,,floor,180.0,40.0,,180.0,40.0,66.0,"[{""kind"": ""open"", ""count"": 1, ""widthCm"": null, ""depthCm"": null, ""heightCm"": null}, {""kind"": ""door"", ""count"": 2, ""widthCm"": null, ""depthCm"": null, ""heightCm"": null}, {""kind"": ""drawer"", ""count"": 1, ""widthCm"": null, ""depthCm"": null, ""heightCm"": null}]",,,100% Mango Wood,,,,,Free returns,,0,0,"Storage: 1 Drawer, 1 Shelf, 2 Doors. Max TV Up To 70"". Unit weight 54.5kg."
Dunelm,AVF,AVF Calibre Wide TV Stand for TVs up to 65”,https://www.dunelm.com/product/calibre-wide-tv-stand-140cm-oak-effect-1000210512?defaultSkuId=30812136,Calibre Grey,,189,12.95,,201.95,,self,floor,140.0,39.5,,140.0,39.5,41.4,[],,,MDF,,,,,Free returns,,4.7,20,"Storage: Open Shelf. Max TV Up To 65"". Unit weight ?."
Dunelm,AVF,"Calibre Plus Wide TV Unit Grey Oak Effect for TVs up to 50""",https://www.dunelm.com/product/calibre-plus-wide-tv-stand-115cm-grey-oak-effect-1000210508?defaultSkuId=30812135,Grey,,125,12.95,,137.95,,self,floor,115.0,39.5,,115.0,39.5,41.4,[],,,"MDF, Glass",,,,,Free returns,,4.4,7,"Storage: Open Shelf. Max TV Up To 50"". Unit weight 18.2kg."
Dunelm,Frank Olsen Furniture,"Iona Large TV Unit for TVs up to 70""",https://www.dunelm.com/product/iona-large-tv-unit-for-tvs-up-to-70-1000276725?defaultSkuId=31026339,Black,,367.2,12.95,,380.15,,self,floor,150.0,40.0,,150.0,40.0,56.0,"[{""kind"": ""open"", ""count"": 2, ""widthCm"": null, ""depthCm"": null, ""heightCm"": null}, {""kind"": ""door"", ""count"": 4, ""widthCm"": null, ""depthCm"": null, ""heightCm"": null}]",,,Painted MDF and Metal Alloy,,,,,Free returns,,0,0,"Storage: 2 Shelves, 4 Doors, With Doors. Max TV Up To 70"". Unit weight ?."
Dunelm,AVF,"AVF Calibre Sound TV Unit for TVs up to 60"" with Pull-Out Soundbar Shelf",https://www.dunelm.com/product/avf-calibre-sound-tv-unit-for-tvs-up-to-60-with-pull-out-soundbar-shelf-1000261910?defaultSkuId=30989756,Rustic Oak,,199,12.95,,211.95,,self,floor,120.0,40.0,,120.0,40.0,41.0,"[{""kind"": ""open"", ""count"": 2, ""widthCm"": null, ""depthCm"": null, ""heightCm"": null}]",,,MDF,,,,,Free returns,,0,0,"Storage: 2 Shelves, Open Shelf. Max TV Up To 60"". Unit weight ?."
Dunelm,Welcome Furniture,"Harborne Extra Wide TV Unit for TVs up to 80""",https://www.dunelm.com/product/harborne-extra-wide-tv-unit-for-tvs-up-to-80-1000271330?defaultSkuId=31007503,Kobe Pink,,379,12.95,,391.95,,,floor,180.0,39.0,,180.0,39.0,57.0,"[{""kind"": ""open"", ""count"": 2, ""widthCm"": null, ""depthCm"": null, ""heightCm"": null}, {""kind"": ""door"", ""count"": 2, ""widthCm"": null, ""depthCm"": null, ""heightCm"": null}]",,,"Main Body & Top: MFC, Door Fronts: Vinyl Wrapped MDF, Back: hardboard, Legs & Handles: Metal",,,,,Free returns,,0,0,"Storage: 2 Doors, 2 Shelves. Max TV Up To 80"". Unit weight ?."
Dunelm,Jual,"Havana Corner TV Unit for TVs up to 60""",https://www.dunelm.com/product/havana-corner-tv-stand-for-tvs-up-to-60-1000242682?defaultSkuId=30915131,Oak,,389,12.95,,401.95,,self,floor,130.0,65.0,,130.0,65.0,50.0,[],,,"Real Wood Veneer, Solid Wood Legs",,,,,Free returns,,5,1,"Storage: Open Shelf. Max TV Up To 60"". Unit weight 20kg."
Dunelm,AVF,AVF Harbour Extra Wide TV Stand for TVs up to 95”,https://www.dunelm.com/product/avf-harbour-tv-stand-1000223239?defaultSkuId=30861053,White,,369,12.95,,381.95,,self,floor,200.0,39.5,,200.0,39.5,42.0,"[{""kind"": ""door"", ""count"": 2, ""widthCm"": null, ""depthCm"": null, ""heightCm"": null}]",,,"MDF, Solid wood legs",,,,,Free returns,,4,1,"Storage: 2 Doors, Open Shelf, With Doors. Max TV Up To 80"". Unit weight ?."
Dunelm,Frank Olsen Furniture,"LED Smart Click TV Unit for TVs up to 67""",https://www.dunelm.com/product/led-smart-click-tv-unit-1000205168?defaultSkuId=30792869,White,,255.2,12.95,,268.15,,self,floor,150.0,42.0,,150.0,42.0,56.0,"[{""kind"": ""open"", ""count"": 3, ""widthCm"": null, ""depthCm"": null, ""heightCm"": null}, {""kind"": ""door"", ""count"": 3, ""widthCm"": null, ""depthCm"": null, ""heightCm"": null}]",,,Melamine Wrapped MFC.,Gloss,,,,Free returns,,3.5,4,"Storage: 3 Doors, 3 Shelves, With Doors. Max TV Up To 70"". Unit weight ?."
Dunelm,Dunelm,"Chilton Extra Wide TV Unit for TVs up to 80""",https://www.dunelm.com/product/chilton-extra-wide-tv-unit-1000287046?defaultSkuId=31006233,Light Wood,,249,12.95,,261.95,,self,floor,179.2,40.3,,179.2,40.3,52.9,"[{""kind"": ""open"", ""count"": 1, ""widthCm"": 42.5, ""depthCm"": 35.0, ""heightCm"": 15.0}, {""kind"": ""open"", ""count"": 1, ""widthCm"": null, ""depthCm"": null, ""heightCm"": null}, {""kind"": ""door"", ""count"": 2, ""widthCm"": null, ""depthCm"": null, ""heightCm"": null}, {""kind"": ""drawer"", ""count"": 2, ""widthCm"": null, ""depthCm"": null, ""heightCm"": null}]",,,"PB, MDF, Metal",,,,,Free returns,,0,0,"Storage: 2 Doors, 2 Drawers, 2 Shelves. Max TV ?. Unit weight 42.65kg."
Dunelm,GFW,"Galicia Wide TV Unit with Shelving for TVs up to 65""",https://www.dunelm.com/product/galicia-wide-tv-unit-with-shelving-for-tvs-up-to-65-1000270810?defaultSkuId=30990490,Grey,,249,12.95,,261.95,,self,floor,150.0,38.0,,150.0,38.0,30.0,[],,,Particle Board,,,,,Free returns,,3.3,6,"Storage: not stated. Max TV Up To 65"". Unit weight ?."
Dunelm,Welcome Furniture,"Harborne Wide TV Unit for TVs up to 65""",https://www.dunelm.com/product/harborne-wide-tv-unit-for-tvs-up-to-65-1000271334?defaultSkuId=31007204,Black Ash,,299,12.95,,311.95,,,floor,145.0,40.0,,145.0,40.0,57.0,"[{""kind"": ""open"", ""count"": 2, ""widthCm"": null, ""depthCm"": null, ""heightCm"": null}, {""kind"": ""door"", ""count"": 2, ""widthCm"": null, ""depthCm"": null, ""heightCm"": null}]",,,"Main Body & Top: MFC, Door Fronts: Vinyl Wrapped MDF, Back: hardboard, Legs & Handles: Metal",,,,,Free returns,,0,0,"Storage: 2 Doors, 2 Shelves. Max TV Up To 65"". Unit weight ?."
Dunelm,Cedar & Sage,"Canley TV Unit for TVs up to 65""",https://www.dunelm.com/product/canley-tv-stand-1000238761?defaultSkuId=30911984,Natural,,449,12.95,,461.95,,,floor,145.0,40.0,,145.0,40.0,50.0,"[{""kind"": ""open"", ""count"": 1, ""widthCm"": 83.5, ""depthCm"": null, ""heightCm"": 15.0}]",,,Acacia Wood,,,,,Free returns,,1,1,"Storage: Open Shelf. Max TV Up To 65"". Unit weight 22.2kg."
Dunelm,Julian Bowen,"Hollis Oak TV Unit for TVs up to 67""",https://www.dunelm.com/product/hollis-oak-tv-unit-1000220212?defaultSkuId=30857458,Oak,,229,12.95,,241.95,,self,floor,150.0,40.0,,150.0,40.0,60.0,"[{""kind"": ""door"", ""count"": 2, ""widthCm"": null, ""depthCm"": null, ""heightCm"": null}]",,,"Wood, Metal, Rattan",Wood Effect,,,,Free returns,,5,1,"Storage: 2 Doors, Open Shelf, With Doors. Max TV Up To 65"". Unit weight ?."
Dunelm,Dunelm,"Asia Extra Wide TV Unit for TVs up to 80""",https://www.dunelm.com/product/asia-extra-wide-tv-unit-for-tvs-up-to-80-1000271993?defaultSkuId=31008075,White,,159.2,12.95,,172.15,,self,floor,180.0,40.0,,180.0,40.0,50.0,"[{""kind"": ""door"", ""count"": 2, ""widthCm"": null, ""depthCm"": null, ""heightCm"": null}]",,,MDF,,,,,Free returns,,1,1,"Storage: 2 Doors, With Doors. Max TV Up To 80"". Unit weight ?."
Dunelm,Frank Olsen Furniture,"Elevate SMART LED Corner TV Unit for TVs up to 55""",https://www.dunelm.com/product/elevate-smart-led-corner-tv-unit-1000215771?defaultSkuId=30889438,Elevate Black,,303.2,12.95,,316.15,,self,floor,120.7,40.0,,120.7,40.0,52.7,"[{""kind"": ""open"", ""count"": 2, ""widthCm"": null, ""depthCm"": null, ""heightCm"": null}, {""kind"": ""door"", ""count"": 2, ""widthCm"": null, ""depthCm"": null, ""heightCm"": null}]",,,"DOORS High Gloss Painted MDF, Remaining Melamine Wrapped MFC.",Gloss,,,,Free returns,,3.7,3,"Storage: 2 Doors, 2 Shelves, With Doors. Max TV Up To 55"". Unit weight ?."
Dunelm,GFW,"Galicia LED Floating Wall TV Unit for TVs up to 55""",https://www.dunelm.com/product/galicia-120cm-led-wall-tv-unit-1000156240?defaultSkuId=30662619,Galicia Black,,87.2,12.95,,100.15,,self,wall-mounted,120.0,38.0,,120.0,38.0,30.0,"[{""kind"": ""open"", ""count"": 1, ""widthCm"": 57.0, ""depthCm"": null, ""heightCm"": 21.5}, {""kind"": ""door"", ""count"": 2, ""widthCm"": null, ""depthCm"": null, ""heightCm"": null}]",,,Particle Board,Gloss,,,,Free returns,,4.7,9,"Storage: 2 Doors, Open Shelf, With Doors. Max TV Up To 55"". Unit weight ?."
Dunelm,AVF,"Panorama Reversible Top Wide TV Stand for TVs up to 60""",https://www.dunelm.com/product/panorama-wide-tv-stand-120cm-1000210522?defaultSkuId=30812426,Light Oak,,329,12.95,,341.95,,self,floor,120.0,39.5,,120.0,39.5,37.0,[],,,"Steel, MDF and Glass",,,,,Free returns,,5,1,"Storage: not stated. Max TV Up To 60"". Unit weight ?."
Dunelm,Welcome Furniture,"Tuxford Wide TV Unit for TVs up to 65""",https://www.dunelm.com/product/tuxford-wide-tv-unit-for-tvs-up-to-65-1000271061?defaultSkuId=31001693,Oak,,299,12.95,,311.95,,,floor,145.0,40.0,,145.0,40.0,57.0,"[{""kind"": ""open"", ""count"": 2, ""widthCm"": null, ""depthCm"": null, ""heightCm"": null}, {""kind"": ""door"", ""count"": 2, ""widthCm"": null, ""depthCm"": null, ""heightCm"": null}]",,,"Main Body & Top: MFC, Door Fronts: Vinyl Wrapped MDF, Back: hardboard, Legs & Handles: Metal",,,,,Free returns,,0,0,"Storage: 2 Doors, 2 Shelves. Max TV Up To 65"". Unit weight ?."
Dunelm,AVF,"Stage Wide TV Unit for TVs up to 55""",https://www.dunelm.com/product/stage-wide-tv-stand-1000210510?defaultSkuId=30812418,Black,,299,12.95,,311.95,,self,floor,125.0,45.0,,125.0,45.0,40.0,[],,,"Steel, MDF and Glass",,,,,Free returns,,3.3,4,"Storage: not stated. Max TV Up To 55"". Unit weight 44.25kg."
Dunelm,Welcome Furniture,"Tuxford Extra Wide TV Unit for TVs up to 80""",https://www.dunelm.com/product/tuxford-extra-wide-tv-unit-for-tvs-up-to-80-1000271057?defaultSkuId=31001676,Black Ash,,379,12.95,,391.95,,,floor,180.0,39.0,,180.0,39.0,57.0,"[{""kind"": ""open"", ""count"": 2, ""widthCm"": null, ""depthCm"": null, ""heightCm"": null}, {""kind"": ""door"", ""count"": 2, ""widthCm"": null, ""depthCm"": null, ""heightCm"": null}]",,,"Main Body & Top: MFC, Door Fronts: Vinyl Wrapped MDF, Back: hardboard, Legs & Handles: Metal",,,,,Free returns,,0,0,"Storage: 2 Doors, 2 Shelves. Max TV Up To 80"". Unit weight ?."
Dunelm,Indus Valley,"Indus Valley Logan TV Unit for TVs up to 55""",https://www.dunelm.com/product/indus-valley-logan-tv-unit-for-tvs-up-to-55-1000260165?defaultSkuId=30985765,Dark Wood (Brown),,679,12.95,,691.95,,,floor,145.0,42.0,,145.0,42.0,,"[{""kind"": ""open"", ""count"": 1, ""widthCm"": null, ""depthCm"": null, ""heightCm"": null}]",,,Natural Sheesham wood with Black iron legs,,,,,Free returns,,0,0,"Storage: 1 Shelf, Doors & Drawers. Max TV Up To 55"". Unit weight ?."
Dunelm,Indus Valley,"Indus Valley Railway Sleeper TV Unit for TVs up to 55""",https://www.dunelm.com/product/indus-valley-railway-sleeper-tv-stand-1000230276?defaultSkuId=30877732,Natural,,439,12.95,,451.95,,,floor,130.0,40.0,,130.0,40.0,45.0,"[{""kind"": ""open"", ""count"": 1, ""widthCm"": 41.0, ""depthCm"": null, ""heightCm"": 11.5}, {""kind"": ""door"", ""count"": 2, ""widthCm"": null, ""depthCm"": null, ""heightCm"": null}]",,,"Wood, Stainless Steel",,,,,Free returns,,0,0,"Storage: 2 Doors, Open Shelf, With Doors. Max TV Up To 55"". Unit weight ?."
Dunelm,Welcome Furniture,"Darlton Wide TV Unit for TVs up to 65""",https://www.dunelm.com/product/darlton-wide-tv-unit-for-tvs-up-to-65-1000271327?defaultSkuId=30996409,Black Ash,,299,12.95,,311.95,,,floor,145.0,40.0,,145.0,40.0,57.0,"[{""kind"": ""open"", ""count"": 2, ""widthCm"": null, ""depthCm"": null, ""heightCm"": null}, {""kind"": ""door"", ""count"": 2, ""widthCm"": null, ""depthCm"": null, ""heightCm"": null}]",,,"Main Body & Top: MFC, Door Fronts: Vinyl Wrapped MDF, Back: hardboard, Legs & Handles: Metal",,,,,Free returns,,1,1,"Storage: 2 Doors, 2 Shelves. Max TV Up To 65"". Unit weight ?."
Dunelm,Jual,"Astana TV Stand for TVs up to 60""",https://www.dunelm.com/product/astana-tv-stand-for-tvs-up-to-60-1000242680?defaultSkuId=30915110,Grey,,449,12.95,,461.95,,,floor,120.0,45.0,,120.0,45.0,49.2,"[{""kind"": ""open"", ""count"": 2, ""widthCm"": null, ""depthCm"": null, ""heightCm"": null}, {""kind"": ""door"", ""count"": 2, ""widthCm"": null, ""depthCm"": null, ""heightCm"": null}]",,,"Real Wood Veneer, Metal Legs",,,,,Free returns,,0,0,"Storage: 2 Doors, 2 Shelves, Doors & Drawers, Open Shelf. Max TV Up To 60"". Unit weight 24kg."
Dunelm,Frank Olsen Furniture,"Lyra Low Smart TV Unit for TVs up to 70""",https://www.dunelm.com/product/lyra-low-smart-tv-unit-for-tvs-up-to-70-1000245654?defaultSkuId=30904884,Alabaster,,379,12.95,,391.95,,self,floor,150.0,40.0,,150.0,40.0,52.0,"[{""kind"": ""open"", ""count"": 1, ""widthCm"": 72.0, ""depthCm"": null, ""heightCm"": 13.0}, {""kind"": ""open"", ""count"": 1, ""widthCm"": null, ""depthCm"": null, ""heightCm"": null}, {""kind"": ""door"", ""count"": 4, ""widthCm"": null, ""depthCm"": null, ""heightCm"": null}]",,,"MDF with a paint finish, Melamine interior",,,,,Free returns,,3,1,"Storage: 2 Shelves, 4 Doors, With Doors. Max TV Up To 70"". Unit weight ?."
Dunelm,GFW,"Galicia Standard TV Unit with Shelving for TVs up to 46""",https://www.dunelm.com/product/galicia-standard-tv-unit-with-shelving-for-tvs-up-to-46-1000270809?defaultSkuId=30990499,Grey,,229,12.95,,241.95,,self,floor,120.0,38.0,,120.0,38.0,30.0,[],,,Particle Board,,,,,Free returns,,4.5,2,"Storage: not stated. Max TV Up To 46"". Unit weight ?."
Dunelm,AVF,"AVF Calibre Sound TV Unit for TVs up to 65"" with Pull-Out Soundbar Shelf",https://www.dunelm.com/product/avf-calibre-sound-tv-unit-for-tvs-up-to-60-with-pull-out-soundbar-shelf-1000261906?defaultSkuId=30989793,Rustic Oak,,229,12.95,,241.95,,self,floor,140.0,40.0,,140.0,40.0,41.0,"[{""kind"": ""open"", ""count"": 2, ""widthCm"": null, ""depthCm"": null, ""heightCm"": null}]",,,MDF,,,,,Free returns,,0,0,"Storage: 2 Shelves, Open Shelf. Max TV Up To 65"". Unit weight ?."
Dunelm,Cedar & Sage,"Hopewell Media Unit for TVs up to 55""",https://www.dunelm.com/product/hopewell-media-unit-1000222618?defaultSkuId=30850914,Bronze,,449,12.95,,461.95,,self,floor,120.0,35.0,,120.0,35.0,45.0,"[{""kind"": ""open"", ""count"": 1, ""widthCm"": 120.0, ""depthCm"": null, ""heightCm"": 30.0}]",,,"Metal, Glass, Mirrored Glass",Mirrored,,,,Free returns,,0,0,"Storage: Open Shelf. Max TV Up To 55"". Unit weight ?."
Dunelm,Dorel,"Cosmo Living Westerleigh TV Stand for TVs up to 65""",https://www.dunelm.com/product/cosmo-westerleigh-tv-stand-1000221526?defaultSkuId=30859518,Black,,429,12.95,,441.95,,self,floor,151.4,50.0,,151.4,50.0,46.3,"[{""kind"": ""door"", ""count"": 2, ""widthCm"": null, ""depthCm"": null, ""heightCm"": null}]",,,"Legs: Metal, Panels: Wood",,,,,Free returns,,5,5,"Storage: 2 Doors, Open Shelf, With Doors. Max TV Up To 65"". Unit weight ?."
Dunelm,Dorel,"Wainwright TV Unit, Black Oak for TVs up to 60""",https://www.dunelm.com/product/wainwright-tv-unit-black-oak-for-tvs-up-to-60-1000221546?defaultSkuId=30860044,Black,,239,12.95,,251.95,,self,floor,140.0,39.4,,140.0,39.4,49.9,"[{""kind"": ""drawer"", ""count"": 2, ""widthCm"": null, ""depthCm"": null, ""heightCm"": null}]",,,"Frame: Metal, Shelves: Wood, Top panel: Glass",,,,,Free returns,,0,0,"Storage: 2 Drawers, Open Shelf, With Drawers. Max TV Up To 60"". Unit weight ?."
Dunelm,Frank Olsen Furniture,"Mia Extra Wide TV Unit for TVs up to 70""",https://www.dunelm.com/product/mia-extra-wide-tv-unit-for-tvs-up-to-70-1000272661?defaultSkuId=30986345,White,,391.2,12.95,,404.15,,self,floor,150.0,40.0,,150.0,40.0,60.0,"[{""kind"": ""open"", ""count"": 2, ""widthCm"": null, ""depthCm"": null, ""heightCm"": null}, {""kind"": ""door"", ""count"": 4, ""widthCm"": null, ""depthCm"": null, ""heightCm"": null}]",,,"MDF cabinet, with alloy inlay and alloy legs",,,,,Free returns,,0,0,"Storage: 2 Shelves, 4 Doors, With Doors. Max TV Up To 70"". Unit weight ?."
Dunelm,Frank Olsen Furniture,"Iona Corner TV Unit for TVs up to 50""",https://www.dunelm.com/product/iona-corner-tv-unit-for-tvs-up-to-50-1000276723?defaultSkuId=31026365,Black,,319.2,12.95,,332.15,,self,floor,120.0,40.0,,120.0,40.0,56.0,"[{""kind"": ""open"", ""count"": 2, ""widthCm"": null, ""depthCm"": null, ""heightCm"": null}, {""kind"": ""door"", ""count"": 2, ""widthCm"": null, ""depthCm"": null, ""heightCm"": null}]",,,Painted MDF and Metal Alloy,,,,,Free returns,,0,0,"Storage: 2 Doors, 2 Shelves, With Doors. Max TV Up To 50"". Unit weight ?."
Dunelm,AVF,"AVF Hoxton Quad TV Unit for TVs up to 85""",https://www.dunelm.com/product/avf-hoxton-quad-tv-unit-for-tvs-up-to-85-1000261908?defaultSkuId=30989784,Light Wood,,329,12.95,,341.95,,self,floor,119.0,60.0,,119.0,60.0,144.0,"[{""kind"": ""open"", ""count"": 1, ""widthCm"": null, ""depthCm"": null, ""heightCm"": null}]",,,MDF,,,,,Free returns,,0,0,"Storage: 1 Shelf. Max TV Up To 85"". Unit weight ?."
Dunelm,Alphason,"Carbon TV Unit, Black for TVs up to 55""",https://www.dunelm.com/product/carbon-tv-unit-1000169365?defaultSkuId=30705628,Grey,,379,12.95,,391.95,,self,floor,120.0,45.0,,120.0,45.0,55.0,"[{""kind"": ""door"", ""count"": 1, ""widthCm"": null, ""depthCm"": null, ""heightCm"": null}]",,,"Top & Main Body: PB, Paper Wrap; Legs: Metal",,,,,Free returns,,4.5,2,"Storage: 1 Door, Open Shelf, With Doors. Max TV Up To 55"". Unit weight 38kg."
Dunelm,Dunelm,"Edda Standard TV Unit for TVs up to 55"", Oak Effect",https://www.dunelm.com/product/edda-standard-tv-unit-for-tvs-up-to-55-oak-effect-1000288241?defaultSkuId=31031679,Light Wood,,74.5,12.95,,87.45,,self,floor,122.0,40.0,,122.0,40.0,55.0,"[{""kind"": ""open"", ""count"": 2, ""widthCm"": null, ""depthCm"": null, ""heightCm"": null}, {""kind"": ""drawer"", ""count"": 2, ""widthCm"": null, ""depthCm"": null, ""heightCm"": null}]",,,"Particle Board, MDF, Paper Foil",,,,,Free returns,,5,4,"Storage: 2 Drawers, 2 Shelves. Max TV ?. Unit weight ?."
Dunelm,Loma Living,"Mateo Wall Mounted TV Unit, Wood Effect",https://www.dunelm.com/product/mateo-wall-mounted-tv-unit-wood-effect-1000287862?defaultSkuId=31034331,Walnut Effect,,249,12.95,,261.95,,self,wall-mounted,180.3,39.8,,180.3,39.8,29.7,"[{""kind"": ""door"", ""count"": 2, ""widthCm"": null, ""depthCm"": null, ""heightCm"": null}]",,,"MDF, PB",Wood Effect,,,,Free returns,,3.7,3,Storage: 2 Doors. Max TV ?. Unit weight 33.64kg.
Dunelm,Dunelm,"Bryant Wooden Corner TV Stand for TVs up to 50""",https://www.dunelm.com/product/bryant-corner-tv-stand-1000234791?defaultSkuId=30918243,Walnut,,37.25,12.95,,50.2,,self,floor,110.0,45.0,,110.0,45.0,40.0,"[{""kind"": ""open"", ""count"": 1, ""widthCm"": 64.0, ""depthCm"": null, ""heightCm"": 11.0}, {""kind"": ""door"", ""count"": 1, ""widthCm"": null, ""depthCm"": null, ""heightCm"": null}]",,,"94% Certified Responsibly Sourced Particle Board, 5% Certified Responsibly Sourced MDF, 1% Iron",Wood Effect,,,,Free returns,,4.7,39,"Storage: 1 Door, Open Shelf, With Doors. Max TV Up To 50"". Unit weight ?."
Dunelm,Jual,"San Francisco TV Stand for TVs up to 60""",https://www.dunelm.com/product/san-francisco-tv-stand-for-tvs-up-to-60-1000242681?defaultSkuId=30915123,Oak,,429,12.95,,441.95,,,floor,120.0,36.0,,120.0,36.0,50.0,[],,,Real Wood Veneer,,,,,Free returns,,5,3,"Storage: Open Shelf. Max TV Up To 60"". Unit weight 24kg."
Dunelm,Dunelm,"Bari Extra Wide TV Unit for TVs up to 75""",https://www.dunelm.com/product/bari-extra-wide-tv-unit-for-tvs-up-to-75-1000271996?defaultSkuId=31008070,Oak Effect,,199.2,12.95,,212.15,,self,floor,160.0,40.0,,160.0,40.0,50.0,"[{""kind"": ""open"", ""count"": 3, ""widthCm"": null, ""depthCm"": null, ""heightCm"": null}, {""kind"": ""drawer"", ""count"": 3, ""widthCm"": null, ""depthCm"": null, ""heightCm"": null}]",,,MDF,,,,,Free returns,,0,0,"Storage: 3 Drawers, 3 Shelves, With Drawers. Max TV Up To 75"". Unit weight ?."
Dunelm,Dunelm,"Reynolds Extra Wide TV Unit for TVs up to 80"", Rustic Oak Effect",https://www.dunelm.com/product/reynolds-extra-wide-tv-unit-for-tvs-up-to-80-rustic-oak-effect-1000243781?defaultSkuId=30901016,Rustic Oak Effect,,249,12.95,,261.95,,self,floor,180.0,37.5,,180.0,37.5,43.0,"[{""kind"": ""open"", ""count"": 2, ""widthCm"": null, ""depthCm"": null, ""heightCm"": null}, {""kind"": ""door"", ""count"": 2, ""widthCm"": null, ""depthCm"": null, ""heightCm"": null}, {""kind"": ""drawer"", ""count"": 2, ""widthCm"": null, ""depthCm"": null, ""heightCm"": null}]",,,Cabinet and doors - Rustic Oak and Paper Foiled Chipboard. Legs - Metal,,,,,Free returns,,4.8,4,"Storage: 2 Doors, 2 Drawers, 2 Shelves, Open Shelf. Max TV Up To 80"". Unit weight ?."
Dunelm,Dunelm,"Reynolds Wide TV Unit for TVs up to 60"", Rustic Oak Effect",https://www.dunelm.com/product/reynolds-wide-tv-unit-for-tvs-up-to-60-rustic-oak-effect-1000243777?defaultSkuId=30900993,Rustic Oak Effect,,199,12.95,,211.95,,self,floor,149.0,,,149.0,,46.0,"[{""kind"": ""open"", ""count"": 2, ""widthCm"": null, ""depthCm"": null, ""heightCm"": null}, {""kind"": ""door"", ""count"": 2, ""widthCm"": null, ""depthCm"": null, ""heightCm"": null}]",,,Cabinet and doors - Rustic Oak and Paper Foiled Chipboard. Legs - Metal,,,,,Free returns,,0,0,"Storage: 2 Doors, 2 Shelves, Open Shelf. Max TV Up To 60"". Unit weight ?."
Dunelm,GFW,"Ashcroft TV Stand for TVs up to 48"", Dark Walnut",https://www.dunelm.com/product/ashcroft-tv-stand-for-tvs-up-to-48-dark-walnut-1000250562?defaultSkuId=30959622,Walnut,,149,12.95,,161.95,,self,floor,109.5,39.0,,109.5,39.0,49.0,"[{""kind"": ""open"", ""count"": 1, ""widthCm"": 34.0, ""depthCm"": null, ""heightCm"": 14.0}, {""kind"": ""door"", ""count"": 2, ""widthCm"": null, ""depthCm"": null, ""heightCm"": null}, {""kind"": ""drawer"", ""count"": 1, ""widthCm"": null, ""depthCm"": null, ""heightCm"": null}]",,,Particle Board,,,,,Free returns,,4,3,"Storage: 1 Drawer, 2 Doors, Doors & Drawers, Open Shelf. Max TV Up To 48"". Unit weight ?."
Dunelm,GFW,"Delta Extra Wide TV Unit with Shelving for TVs up to 75""",https://www.dunelm.com/product/delta-extra-wide-open-shelf-tv-unit-for-tvs-up-to-75-1000272342?defaultSkuId=30991899,Dark Grey,,249,12.95,,261.95,,self,floor,180.0,38.0,,180.0,38.0,30.0,[],,,Particle Board,,,,,Free returns,,5,2,"Storage: not stated. Max TV Up To 75"". Unit weight ?."
Dunelm,AVF,"AVF Calibre Alto TV Unit for TVs up to 60""",https://www.dunelm.com/product/avf-calibre-alto-tv-unit-for-tvs-up-to-60-1000261911?defaultSkuId=30989811,Rustic Oak,,199.99,12.95,,212.94,,self,floor,120.0,40.0,,120.0,40.0,58.0,"[{""kind"": ""open"", ""count"": 2, ""widthCm"": null, ""depthCm"": null, ""heightCm"": null}]",,,MDF,,,,,Free returns,,5,1,"Storage: 2 Shelves, Open Shelf. Max TV Up To 60"". Unit weight ?."
Dunelm,GFW,"Delta Wide TV Unit with Shelving for TVs up to 65""",https://www.dunelm.com/product/delta-wide-open-shelf-tv-unit-for-tvs-up-to-65-1000272340?defaultSkuId=30990561,Dark Grey,,229,12.95,,241.95,,self,floor,150.0,38.0,,150.0,38.0,30.0,[],,,Particle Board,,,,,Free returns,,5,1,"Storage: not stated. Max TV Up To 65"". Unit weight ?."
Dunelm,Dorel,"Quincy TV Unit, Weathered Oak for TVs up to 67""",https://www.dunelm.com/product/quincy-tv-unit-weathered-oak-for-tvs-up-to-67-1000221545?defaultSkuId=30860037,Oak (Brown),,139,12.95,,151.95,,self,floor,152.2,51.9,,152.2,51.9,45.4,[],,,"Frame: Metal, Shelves: Wood",,,,,Free returns,,3.8,4,"Storage: Open Shelf. Max TV Up To 70"". Unit weight ?."
Dunelm,GFW,"Delta 120cm Floating Wall TV Unit with LEDs for TVs up to 55""",https://www.dunelm.com/product/delta-120cm-wall-tv-unit-with-leds-for-tvs-up-to-55-1000241646?defaultSkuId=30915313,Anthracite,,89,12.95,,101.95,,self,wall-mounted,120.0,38.0,,120.0,38.0,30.0,"[{""kind"": ""door"", ""count"": 2, ""widthCm"": null, ""depthCm"": null, ""heightCm"": null}]",,,Particle Board,,,,,Free returns,,3.9,7,"Storage: 2 Doors, Open Shelf, With Doors. Max TV Up To 55"". Unit weight ?."
Dunelm,GFW,"Delta Standard TV Unit with Shelving for TVs up to 46""",https://www.dunelm.com/product/delta-standard-open-shelf-tv-unit-for-tvs-up-to-46-1000272341?defaultSkuId=30991889,Dark Grey,,199,12.95,,211.95,,self,floor,120.0,38.0,,120.0,38.0,30.0,[],,,Particle Board,,,,,Free returns,,4,1,"Storage: not stated. Max TV Up To 46"". Unit weight ?."
Oak Furnitureland,Oak Furnitureland,Belgrave Solid Natural Oak Large TV Unit,https://www.oakfurnitureland.co.uk/furniture/belgrave-solid-natural-oak-large-tv-unit/10000611.html,,,629.99,included,,629.99,,yes,floor,130.0,45.0,,130.0,45.0,52.0,[],,,Solid oak,,,,,,,,,Dimensions from the retailer's structured product data. Internal compartment sizes not published.
Oak Furnitureland,Oak Furnitureland,Bevel Natural Solid Oak Large TV Cabinet,https://www.oakfurnitureland.co.uk/furniture/bevel-natural-solid-oak-large-tv-cabinet/1441.html,,,399.99,included,,399.99,,yes,floor,124.0,45.0,,124.0,45.0,48.0,"[{""kind"": ""drawer"", ""count"": 6, ""widthCm"": null, ""depthCm"": null, ""heightCm"": null}]",,,Solid oak,,,,,,,,,Dimensions from the retailer's structured product data. Internal compartment sizes not published.
Oak Furnitureland,Oak Furnitureland,Brennan Natural Solid Oak Large TV Unit,https://www.oakfurnitureland.co.uk/furniture/brennan-natural-solid-oak-large-tv-unit/10002144.html,,,529.99,included,,529.99,,yes,floor,140.0,43.0,,140.0,43.0,55.0,"[{""kind"": ""drawer"", ""count"": 7, ""widthCm"": null, ""depthCm"": null, ""heightCm"": null}]",,,Solid oak,,,,,,,,,Dimensions from the retailer's structured product data. Internal compartment sizes not published.
Oak Furnitureland,Oak Furnitureland,Brompton Painted Acacia and Ash Top Large TV Unit - Solid Hardwood,https://www.oakfurnitureland.co.uk/furniture/brompton-painted-acacia-and-ash-top-large-tv-unit-solid-hardwood/36298.html,,,399.99,included,,399.99,,yes,floor,150.0,43.0,,150.0,43.0,60.0,"[{""kind"": ""door"", ""count"": 2, ""widthCm"": null, ""depthCm"": null, ""heightCm"": null}, {""kind"": ""drawer"", ""count"": 7, ""widthCm"": null, ""depthCm"": null, ""heightCm"": null}]",,,,,,,,,,,,Dimensions from the retailer's structured product data. Internal compartment sizes not published.
Oak Furnitureland,Oak Furnitureland,Canterbury Natural Solid Oak Large TV Cabinet,https://www.oakfurnitureland.co.uk/furniture/canterbury-natural-solid-oak-large-tv-cabinet/1004979.html,,,459.99,included,,459.99,,yes,floor,140.0,43.0,,140.0,43.0,62.0,"[{""kind"": ""drawer"", ""count"": 7, ""widthCm"": null, ""depthCm"": null, ""heightCm"": null}]",,,Solid oak,,,,,,,,,Dimensions from the retailer's structured product data. Internal compartment sizes not published.
Oak Furnitureland,Oak Furnitureland,Detroit Solid Hardwood and Metal Large TV Unit,https://www.oakfurnitureland.co.uk/furniture/detroit-solid-hardwood-and-metal-large-tv-unit/1014527.html,,,449.99,included,,449.99,,yes,floor,160.0,43.0,,160.0,43.0,62.0,"[{""kind"": ""door"", ""count"": 2, ""widthCm"": null, ""depthCm"": null, ""heightCm"": null}, {""kind"": ""drawer"", ""count"": 7, ""widthCm"": null, ""depthCm"": null, ""heightCm"": null}]",,,,,,,,,,,,Dimensions from the retailer's structured product data. Internal compartment sizes not published.
Oak Furnitureland,Oak Furnitureland,Durham Natural Oak Large TV Unit,https://www.oakfurnitureland.co.uk/furniture/durham-natural-oak-large-tv-unit/48945.html,,,569.99,included,,569.99,,yes,floor,120.0,42.0,,120.0,42.0,55.0,"[{""kind"": ""open"", ""count"": 4, ""widthCm"": null, ""depthCm"": null, ""heightCm"": null}, {""kind"": ""drawer"", ""count"": 6, ""widthCm"": null, ""depthCm"": null, ""heightCm"": null}]",,,Solid oak,,,,,,,,,Dimensions from the retailer's structured product data. Internal compartment sizes not published.
Oak Furnitureland,Oak Furnitureland,Elba Solid Acacia and Italian Marble TV Unit,https://www.oakfurnitureland.co.uk/furniture/elba-solid-acacia-and-italian-marble-tv-unit/10001311.html,,,499.99,included,,499.99,,yes,floor,146.0,41.0,,146.0,41.0,54.0,[],,,,,,,,,,,,Dimensions from the retailer's structured product data. Internal compartment sizes not published.
Oak Furnitureland,Oak Furnitureland,French Farmhouse Rustic Solid Oak Large TV Cabinet,https://www.oakfurnitureland.co.uk/furniture/french-farmhouse-rustic-solid-oak-large-tv-cabinet/51066.html,,,429.99,included,,429.99,,yes,floor,140.0,43.0,,140.0,43.0,60.0,"[{""kind"": ""open"", ""count"": 2, ""widthCm"": null, ""depthCm"": null, ""heightCm"": null}, {""kind"": ""door"", ""count"": 2, ""widthCm"": null, ""depthCm"": null, ""heightCm"": null}, {""kind"": ""drawer"", ""count"": 7, ""widthCm"": null, ""depthCm"": null, ""heightCm"": null}]",,,Solid oak,,,,,,,,,Dimensions from the retailer's structured product data. Internal compartment sizes not published.
Oak Furnitureland,Oak Furnitureland,Henley Natural Oak and Stone Painted Hardwood Large TV Unit,https://www.oakfurnitureland.co.uk/furniture/henley-natural-oak-and-stone-painted-hardwood-large-tv-unit/49097.html,,,439.99,included,,439.99,,yes,floor,140.0,40.0,,140.0,40.0,45.0,"[{""kind"": ""drawer"", ""count"": 7, ""widthCm"": null, ""depthCm"": null, ""heightCm"": null}]",,,Solid oak,,,,,,,,,Dimensions from the retailer's structured product data. Internal compartment sizes not published.
Oak Furnitureland,Oak Furnitureland,Hercules Rustic Solid Oak Corner TV Cabinet,https://www.oakfurnitureland.co.uk/furniture/hercules-rustic-solid-oak-corner-tv-cabinet/1007908.html,,,529.99,included,,529.99,,yes,floor,122.0,55.0,,122.0,55.0,65.0,"[{""kind"": ""drawer"", ""count"": 7, ""widthCm"": null, ""depthCm"": null, ""heightCm"": null}]",,,Solid oak,,,,,,,,,Dimensions from the retailer's structured product data. Internal compartment sizes not published.
Oak Furnitureland,Oak Furnitureland,Hercules Rustic Solid Oak Large TV Cabinet,https://www.oakfurnitureland.co.uk/furniture/hercules-rustic-solid-oak-large-tv-cabinet/1007907.html,,,569.99,included,,569.99,,yes,floor,168.0,41.0,,168.0,41.0,65.0,"[{""kind"": ""door"", ""count"": 2, ""widthCm"": null, ""depthCm"": null, ""heightCm"": null}, {""kind"": ""drawer"", ""count"": 7, ""widthCm"": null, ""depthCm"": null, ""heightCm"": null}]",,,Solid oak,,,,,,,,,Dimensions from the retailer's structured product data. Internal compartment sizes not published.
Oak Furnitureland,Oak Furnitureland,Highworth Natural Solid Oak Large TV Unit,https://www.oakfurnitureland.co.uk/furniture/highworth-natural-solid-oak-large-tv-unit/53677.html,,,579.99,included,,579.99,,yes,floor,145.0,43.0,,145.0,43.0,50.0,[],,,Solid oak,,,,,,,,,Dimensions from the retailer's structured product data. Internal compartment sizes not published.
Oak Furnitureland,Oak Furnitureland,Hove Natural Oak and Painted Large TV Unit,https://www.oakfurnitureland.co.uk/furniture/hove-natural-oak-and-painted-large-tv-unit/1010223.html,,,429.99,included,,429.99,,yes,floor,140.0,43.0,,140.0,43.0,60.0,"[{""kind"": ""door"", ""count"": 2, ""widthCm"": null, ""depthCm"": null, ""heightCm"": null}, {""kind"": ""drawer"", ""count"": 7, ""widthCm"": null, ""depthCm"": null, ""heightCm"": null}]",,,,,,,,,,,,Dimensions from the retailer's structured product data. Internal compartment sizes not published.
Oak Furnitureland,Oak Furnitureland,Islington Marble and Dark Acacia Large TV Unit,https://www.oakfurnitureland.co.uk/furniture/islington-marble-and-dark-acacia-large-tv-unit/48082.html,,,769.99,included,,769.99,,yes,floor,165.0,45.0,,165.0,45.0,55.0,[],,,,,,,,,,,,Dimensions from the retailer's structured product data. Internal compartment sizes not published.
Oak Furnitureland,Oak Furnitureland,Maine Natural Solid Oak &amp; Metal Extra Large TV Unit,https://www.oakfurnitureland.co.uk/furniture/maine-natural-solid-oak-metal-extra-large-tv-unit/49486.html,,,449.99,included,,449.99,,yes,floor,160.0,45.0,,160.0,45.0,52.0,"[{""kind"": ""drawer"", ""count"": 6, ""widthCm"": null, ""depthCm"": null, ""heightCm"": null}]",,,Solid oak,,,,,,,,,Dimensions from the retailer's structured product data. Internal compartment sizes not published.
Oak Furnitureland,Oak Furnitureland,Newton Light Natural Solid Oak Large TV Unit,https://www.oakfurnitureland.co.uk/furniture/newton-light-natural-solid-oak-large-tv-unit/48133.html,,,469.99,included,,469.99,,yes,floor,150.0,43.0,,150.0,43.0,60.0,"[{""kind"": ""door"", ""count"": 2, ""widthCm"": null, ""depthCm"": null, ""heightCm"": null}, {""kind"": ""drawer"", ""count"": 7, ""widthCm"": null, ""depthCm"": null, ""heightCm"": null}]",,,Solid oak,,,,,,,,,Dimensions from the retailer's structured product data. Internal compartment sizes not published.
Oak Furnitureland,Oak Furnitureland,Noah Solid Mango Large TV Unit,https://www.oakfurnitureland.co.uk/furniture/noah-solid-mango-large-tv-unit/10001234.html,,,499.99,included,,499.99,,yes,floor,140.0,43.0,,140.0,43.0,60.0,"[{""kind"": ""drawer"", ""count"": 6, ""widthCm"": null, ""depthCm"": null, ""heightCm"": null}]",,,,,,,,,,,,Dimensions from the retailer's structured product data. Internal compartment sizes not published.
Oak Furnitureland,Oak Furnitureland,Oliver Dark Solid Oak and Black Marble Large TV Unit,https://www.oakfurnitureland.co.uk/furniture/oliver-dark-solid-oak-and-black-marble-large-tv-unit/48664.html,,,499.99,included,,499.99,,yes,floor,143.0,45.0,,143.0,45.0,50.0,[],,,Solid oak,,,,,,,,,Dimensions from the retailer's structured product data. Internal compartment sizes not published.
Oak Furnitureland,Oak Furnitureland,Original Rustic Solid Oak Large TV Cabinet,https://www.oakfurnitureland.co.uk/furniture/original-rustic-solid-oak-large-tv-cabinet/1680.html,,,429.99,included,,429.99,,yes,floor,145.0,43.0,,145.0,43.0,60.0,"[{""kind"": ""drawer"", ""count"": 7, ""widthCm"": null, ""depthCm"": null, ""heightCm"": null}]",,,Solid oak,,,,,,,,,Dimensions from the retailer's structured product data. Internal compartment sizes not published.
Oak Furnitureland,Oak Furnitureland,Orrick Rustic Solid Oak Large TV Cabinet,https://www.oakfurnitureland.co.uk/furniture/orrick-rustic-solid-oak-large-tv-cabinet/5566.html,,,399.99,included,,399.99,,yes,floor,120.0,40.0,,120.0,40.0,60.0,"[{""kind"": ""door"", ""count"": 2, ""widthCm"": null, ""depthCm"": null, ""heightCm"": null}, {""kind"": ""drawer"", ""count"": 6, ""widthCm"": null, ""depthCm"": null, ""heightCm"": null}]",,,Solid oak,,,,,,,,,Dimensions from the retailer's structured product data. Internal compartment sizes not published.
Oak Furnitureland,Oak Furnitureland,Otto Smoked Oak Finish and Cashmere Painted Large TV Unit,https://www.oakfurnitureland.co.uk/furniture/otto-smoked-oak-finish-and-cashmere-painted-large-tv-unit/50969.html,,,399.99,included,,399.99,,yes,floor,140.0,43.0,,140.0,43.0,60.0,"[{""kind"": ""drawer"", ""count"": 7, ""widthCm"": null, ""depthCm"": null, ""heightCm"": null}]",,,,,,,,,,,,Dimensions from the retailer's structured product data. Internal compartment sizes not published.
Oak Furnitureland,Oak Furnitureland,Parquet Brushed and Glazed Oak Large TV Unit,https://www.oakfurnitureland.co.uk/furniture/parquet-brushed-and-glazed-oak-large-tv-unit/1013090.html,,,459.99,included,,459.99,,yes,floor,139.0,43.0,,139.0,43.0,63.0,"[{""kind"": ""drawer"", ""count"": 7, ""widthCm"": null, ""depthCm"": null, ""heightCm"": null}]",,,Solid oak,,,,,,,,,Dimensions from the retailer's structured product data. Internal compartment sizes not published.
Oak Furnitureland,Oak Furnitureland,Richmond Smoked Oak Finish and Ink Blue Painted Hardwood Large TV Unit,https://www.oakfurnitureland.co.uk/furniture/richmond-smoked-oak-finish-and-ink-blue-painted-hardwood-large-tv-unit/48716.html,,,429.99,included,,429.99,,yes,floor,150.0,40.0,,150.0,40.0,51.0,"[{""kind"": ""drawer"", ""count"": 7, ""widthCm"": null, ""depthCm"": null, ""heightCm"": null}]",,,Solid oak,,,,,,,,,Dimensions from the retailer's structured product data. Internal compartment sizes not published.
Oak Furnitureland,Oak Furnitureland,Romsey Natural Solid Oak Large TV Unit,https://www.oakfurnitureland.co.uk/furniture/romsey-natural-solid-oak-large-tv-unit/1007153.html,,,429.99,included,,429.99,,yes,floor,140.0,43.0,,140.0,43.0,60.0,"[{""kind"": ""drawer"", ""count"": 7, ""widthCm"": null, ""depthCm"": null, ""heightCm"": null}]",,,Solid oak,,,,,,,,,Dimensions from the retailer's structured product data. Internal compartment sizes not published.
Oak Furnitureland,Oak Furnitureland,Savannah Solid Heveawood Large TV Unit,https://www.oakfurnitureland.co.uk/furniture/savannah-solid-heveawood-large-tv-unit/55714.html,,,524.99,included,,524.99,,yes,floor,140.0,43.0,,140.0,43.0,60.0,"[{""kind"": ""drawer"", ""count"": 6, ""widthCm"": null, ""depthCm"": null, ""heightCm"": null}]",,,,,,,,,,,,Dimensions from the retailer's structured product data. Internal compartment sizes not published.
Oak Furnitureland,Oak Furnitureland,St Ives Natural Oak and Light Grey Painted Large TV Cabinet,https://www.oakfurnitureland.co.uk/furniture/st-ives-natural-oak-and-light-grey-painted-large-tv-cabinet/1002813.html,,,379.99,included,,379.99,,yes,floor,135.0,44.0,,135.0,44.0,59.0,"[{""kind"": ""drawer"", ""count"": 7, ""widthCm"": null, ""depthCm"": null, ""heightCm"": null}]",,,Solid oak,,,,,,,,,Dimensions from the retailer's structured product data. Internal compartment sizes not published.
Roseland Furniture,Roseland,Alba Oak Large 120cm TV Stand,https://www.roselandfurniture.com/products/alba-large-120cm-tv-stand,,,299.95,19.99,,319.94,,yes,floor,120.0,40.0,,120.0,40.0,50.0,"[{""kind"": ""open"", ""count"": 1, ""widthCm"": 48.0, ""heightCm"": 16.0, ""depthCm"": 35.0}, {""kind"": ""door"", ""count"": 1, ""widthCm"": 31.0, ""heightCm"": 22.5, ""depthCm"": 35.5}]",,,Oak | Oak Veneer | Solid Wood Internals Dimensions Height,,,12 month guarantee,,,,,,Internal compartment sizes published by the retailer.
Roseland Furniture,Roseland,Albany Oak & Rattan 120cm TV Unit,https://www.roselandfurniture.com/products/albany-oak-rattan-120cm-tv-unit,,,334.95,19.99,,354.94,,yes,floor,120.0,38.0,,120.0,38.0,50.0,"[{""kind"": ""door"", ""count"": 1, ""widthCm"": null, ""heightCm"": null, ""depthCm"": null}]",,,Solid Oak | Oak Veneer | Cane | Manufactured Wood Dimensions Height 50c,,,12 month guarantee,,,,,,Internal compartment sizes published by the retailer.
Roseland Furniture,Roseland,Alderley Oak 120cm TV Unit,https://www.roselandfurniture.com/products/alderley-oak-120cm-tv-unit,,,274.95,19.99,,294.94,,yes,floor,120.0,36.0,,120.0,36.0,50.0,"[{""kind"": ""open"", ""count"": 1, ""widthCm"": 68.5, ""heightCm"": 14.0, ""depthCm"": 32.0}, {""kind"": ""door"", ""count"": 1, ""widthCm"": 39.0, ""heightCm"": 28.0, ""depthCm"": 30.0}]",,,Solid Oak | Oak Veneer | Pine | Rubberwood | Manufactured Wood,,,12 month guarantee,,,,,,Internal compartment sizes published by the retailer.
Roseland Furniture,Roseland,Alderley Oak 160cm Wide TV Unit,https://www.roselandfurniture.com/products/alderley-oak-160cm-wide-tv-unit,,,344.95,19.99,,364.94,,yes,floor,160.0,36.0,,160.0,36.0,50.0,"[{""kind"": ""door"", ""count"": 1, ""widthCm"": 38.5, ""heightCm"": 27.5, ""depthCm"": 32.0}, {""kind"": ""open"", ""count"": 1, ""widthCm"": 68.0, ""heightCm"": 14.0, ""depthCm"": 32.0}]",,,Solid Oak | Oak Veneer | Pine | Rubberwood | Manufactured Wood,,,12 month guarantee,,,,,,Internal compartment sizes published by the retailer.
Roseland Furniture,Roseland,Alderley Oak 200cm Extra Wide TV Unit,https://www.roselandfurniture.com/products/alderley-oak-200cm-extra-wide-tv-unit,,,404.95,19.99,,424.94,,yes,floor,200.0,36.0,,200.0,36.0,50.0,"[{""kind"": ""door"", ""count"": 1, ""widthCm"": null, ""heightCm"": null, ""depthCm"": null}]",,,Solid Oak | Oak Veneer | Pine | Rubberwood | Manufactured Wood,,,12 month guarantee,,,,,,Internal compartment sizes published by the retailer.
Roseland Furniture,Roseland,Amelie Grey Fluted Extra Large TV Unit,https://www.roselandfurniture.com/products/amelie-grey-fluted-extra-large-tv-unit,,,549.95,19.99,,569.94,,yes,floor,180.0,40.0,,180.0,40.0,53.0,"[{""kind"": ""open"", ""count"": 1, ""widthCm"": 63.0, ""heightCm"": 12.0, ""depthCm"": 32.5}, {""kind"": ""door"", ""count"": 1, ""widthCm"": null, ""heightCm"": null, ""depthCm"": null}]",,,Mango Wood | Calacatta Marble | Metal Dimensions Height 53cm Width 180c,,,12 month guarantee,,,,,,Internal compartment sizes published by the retailer.
Roseland Furniture,Roseland,Amelie Grey Fluted TV Unit,https://www.roselandfurniture.com/products/amelie-grey-fluted-tv-unit,,,484.95,19.99,,504.94,,yes,floor,120.0,40.0,,120.0,40.0,53.0,"[{""kind"": ""open"", ""count"": 1, ""widthCm"": 82.0, ""heightCm"": 12.0, ""depthCm"": 32.5}, {""kind"": ""drawer"", ""count"": 1, ""widthCm"": 28.0, ""heightCm"": 9.0, ""depthCm"": 36.0}]",,,Mango Wood | Calacatta Marble | Metal Dimensions Height 53cm Width 120c,,,12 month guarantee,,,,,,Internal compartment sizes published by the retailer.
Roseland Furniture,Roseland,Amelie Grey Fluted Wide TV Unit,https://www.roselandfurniture.com/products/amelie-grey-fluted-wide-tv-unit,,,499.95,19.99,,519.94,,yes,floor,150.0,40.0,,150.0,40.0,53.0,"[{""kind"": ""open"", ""count"": 1, ""widthCm"": 48.0, ""heightCm"": 12.0, ""depthCm"": 32.5}, {""kind"": ""door"", ""count"": 1, ""widthCm"": null, ""heightCm"": null, ""depthCm"": null}]",,,Mango Wood | Calacatta Marble | Metal Dimensions Height 53cm Width 150c,,,12 month guarantee,,,,,,Internal compartment sizes published by the retailer.
Roseland Furniture,Roseland,Arden Oak 160cm TV Unit,https://www.roselandfurniture.com/products/arden-oak-160cm-tv-unit,,,339.95,19.99,,359.94,,yes,floor,160.0,40.0,,160.0,40.0,50.0,"[{""kind"": ""door"", ""count"": 1, ""widthCm"": null, ""heightCm"": null, ""depthCm"": null}]",,,Oak | Oak Veneer | Manufactured & Solid Wood | Metal Dimensions Height 50cm Width 160c,,,12 month guarantee,,,,,,Internal compartment sizes published by the retailer.
Roseland Furniture,Roseland,Arden Oak 210cm Wide TV Unit,https://www.roselandfurniture.com/products/arden-oak-210cm-wide-tv-unit,,,499.95,19.99,,519.94,,yes,floor,210.0,40.0,,210.0,40.0,60.0,"[{""kind"": ""door"", ""count"": 1, ""widthCm"": null, ""heightCm"": null, ""depthCm"": null}]",,,Oak | Oak Veneer | Manufactured & Solid Wood | Metal Dimensions Height 60cm Width 210c,,,12 month guarantee,,,,,,Internal compartment sizes published by the retailer.
Roseland Furniture,Roseland,Ashbourne 2 Door 1 Drawer Wide TV Unit,https://www.roselandfurniture.com/products/ashbourne-2-door-1-drawer-wide-tv-unit,,,334.95,19.99,,354.94,,yes,floor,144.0,39.0,,144.0,39.0,63.0,"[{""kind"": ""door"", ""count"": 1, ""widthCm"": null, ""heightCm"": null, ""depthCm"": null}]",,,Manufactured Wood | Melamine Chipboard | Metal Dimensions Height 63cm Width 144c,,,12 month guarantee,,,,,,Internal compartment sizes published by the retailer.
Roseland Furniture,Roseland,Ashbourne Drop Down TV Unit,https://www.roselandfurniture.com/products/ashbourne-drop-down-tv-unit,,,279.95,19.99,,299.94,,yes,floor,166.0,45.0,,166.0,45.0,74.0,"[{""kind"": ""door"", ""count"": 1, ""widthCm"": null, ""heightCm"": null, ""depthCm"": null}]",,,Manufactured Wood | Melamine Chipboard | Metal Dimensions Height 74cm Width 166c,,,12 month guarantee,,,,,,Internal compartment sizes published by the retailer.
Roseland Furniture,Roseland,Ashbourne L-Shaped Media Wall TV Unit,https://www.roselandfurniture.com/products/ashbourne-l-shaped-media-wall-tv-unit,,,529.95,19.99,,549.94,,yes,wall-mounted,205.0,45.0,,205.0,45.0,220.0,"[{""kind"": ""door"", ""count"": 1, ""widthCm"": null, ""heightCm"": null, ""depthCm"": null}]",,,Manufactured Wood | Melamine Chipboard | Metal Dimensions Height 220cm Width 205,,,12 month guarantee,,,,,,Internal compartment sizes published by the retailer.
Roseland Furniture,Roseland,Ashbourne Media Wall TV Unit,https://www.roselandfurniture.com/products/ashbourne-media-wall-tv-unit,,,749.95,19.99,,769.94,,yes,wall-mounted,244.0,45.0,,244.0,45.0,220.0,"[{""kind"": ""door"", ""count"": 1, ""widthCm"": null, ""heightCm"": null, ""depthCm"": null}]",,,Manufactured Wood | Melamine Chipboard | Metal Dimensions Height 220cm Width 244,,,12 month guarantee,,,,,,Internal compartment sizes published by the retailer.
Roseland Furniture,Roseland,Ashbourne Media Wall TV Unit with Overhead Storage,https://www.roselandfurniture.com/products/ashbourne-media-wall-tv-unit-with-overhead-storage,,,999.95,19.99,,1019.94,,yes,wall-mounted,244.0,45.0,,244.0,45.0,220.0,"[{""kind"": ""door"", ""count"": 1, ""widthCm"": null, ""heightCm"": null, ""depthCm"": null}]",,,Manufactured Wood | Melamine Chipboard | Metal Dimensions Height 220cm Width 244,,,12 month guarantee,,,,,,Internal compartment sizes published by the retailer.
Roseland Furniture,Roseland,Ashbourne Sideboard TV Unit,https://www.roselandfurniture.com/products/ashbourne-sideboard-tv-unit,,,279.95,19.99,,299.94,,yes,floor,134.0,45.0,,134.0,45.0,74.0,"[{""kind"": ""door"", ""count"": 1, ""widthCm"": null, ""heightCm"": null, ""depthCm"": null}]",,,Manufactured Wood | Melamine Chipboard | Metal Dimensions Height 74cm Width 134c,,,12 month guarantee,,,,,,Internal compartment sizes published by the retailer.
Roseland Furniture,Roseland,Asher Light Oak 2 Door 1 Drawer Wide TV Unit with Black Legs,https://www.roselandfurniture.com/products/asher-light-oak-2-door-1-drawer-wide-tv-unit-with-black-legs,,,314.95,19.99,,334.94,,yes,floor,144.0,40.0,,144.0,40.0,65.0,"[{""kind"": ""open"", ""count"": 1, ""widthCm"": 71.0, ""heightCm"": 20.0, ""depthCm"": 36.0}, {""kind"": ""door"", ""count"": 1, ""widthCm"": null, ""heightCm"": null, ""depthCm"": null}]",,,Manufactured Wood | Metal | Faux Linen | Vinyl Dimensions Height 65cm Width 144c,,,12 month guarantee,,,,,,Internal compartment sizes published by the retailer.
Roseland Furniture,Roseland,Asher White 2 Door 1 Drawer Wide TV Unit with Black Legs,https://www.roselandfurniture.com/products/asher-white-2-door-1-drawer-wide-tv-unit-with-black-legs,,,314.95,19.99,,334.94,,yes,floor,144.0,40.0,,144.0,40.0,65.0,"[{""kind"": ""open"", ""count"": 1, ""widthCm"": 71.0, ""heightCm"": 20.0, ""depthCm"": 36.0}, {""kind"": ""door"", ""count"": 1, ""widthCm"": null, ""heightCm"": null, ""depthCm"": null}]",,,Manufactured Wood | Metal | Faux Linen | Vinyl Dimensions Height 65cm Width 144c,,,12 month guarantee,,,,,,Internal compartment sizes published by the retailer.
Roseland Furniture,Roseland,Beau Grooved Brown Mango Wood Extra Large TV Unit,https://www.roselandfurniture.com/products/beau-grooved-brown-mango-wood-extra-large-tv-unit,,,499.95,19.99,,519.94,,yes,floor,160.0,40.0,,160.0,40.0,46.0,"[{""kind"": ""open"", ""count"": 1, ""widthCm"": 51.9, ""heightCm"": 13.4, ""depthCm"": 38.5}, {""kind"": ""open"", ""count"": 1, ""widthCm"": 51.0, ""heightCm"": 13.4, ""depthCm"": 38.5}, {""kind"": ""door"", ""count"": 1, ""widthCm"": null, ""heightCm"": null, ""depthCm"": null}]",,,Mango Wood | Plywood | Metal Dimensions Height 46cm Width 160c,,,12 month guarantee,,,,,,Internal compartment sizes published by the retailer.
Roseland Furniture,Roseland,Beau Grooved Brown Mango Wood Large TV Unit,https://www.roselandfurniture.com/products/beau-grooved-brown-mango-wood-large-tv-unit,,,479.95,19.99,,499.94,,yes,floor,148.0,40.0,,148.0,40.0,46.0,"[{""kind"": ""open"", ""count"": 1, ""widthCm"": 68.0, ""heightCm"": 13.4, ""depthCm"": 38.5}, {""kind"": ""door"", ""count"": 1, ""widthCm"": null, ""heightCm"": null, ""depthCm"": null}]",,,Mango Wood | Plywood | Metal Dimensions Height 46cm Width 148c,,,12 month guarantee,,,,,,Internal compartment sizes published by the retailer.
Roseland Furniture,Roseland,Beckett Gloss 1 Drawer TV Unit,https://www.roselandfurniture.com/products/beckett-1-drawer-tv-unit,,,269.95,19.99,,289.94,,yes,floor,112.0,40.0,,112.0,40.0,50.0,"[{""kind"": ""door"", ""count"": 1, ""widthCm"": null, ""heightCm"": null, ""depthCm"": null}]",,,Manufactured Wood | Metal | Faux Linen | Vinyl Dimensions Height 50cm Width 112c,,,12 month guarantee,,,,,,Internal compartment sizes published by the retailer.
Roseland Furniture,Roseland,Beckett Gloss Corner TV Unit,https://www.roselandfurniture.com/products/beckett-corner-tv-unit,,,314.95,19.99,,334.94,,yes,floor,112.0,52.0,,112.0,52.0,51.0,"[{""kind"": ""door"", ""count"": 1, ""widthCm"": null, ""heightCm"": null, ""depthCm"": null}]",,,Manufactured Wood | Metal | Faux Linen | Vinyl Dimensions Height 51cm Width 112c,,,12 month guarantee,,,,,,Internal compartment sizes published by the retailer.
Roseland Furniture,Roseland,Beckett Gloss Wide TV Unit,https://www.roselandfurniture.com/products/beckett-wide-tv-unit,,,314.95,19.99,,334.94,,yes,floor,147.0,40.0,,147.0,40.0,50.0,"[{""kind"": ""door"", ""count"": 1, ""widthCm"": null, ""heightCm"": null, ""depthCm"": null}]",,,Manufactured Wood | Metal | Faux Linen | Vinyl Dimensions Height 50cm Width 147c,,,12 month guarantee,,,,,,Internal compartment sizes published by the retailer.
Furniture123,Hazel,"Multifunctional Oak Ribbed Floating TV Stand - TV's up to 75"" - Hazel",https://furniture123.co.uk/p/multifunctional-oak-ribbed-floating-tv-unit-tvs-up-to-75-hazel-bunhaz00294910,,,239.91,included,,239.91,,,wall-mounted,120.0,41.5,,120.0,41.5,42.0,[],,,Wood,,,,,,,,,Dimensions from the retailer's structured product data. Internal compartment sizes not published.
Furniture123,Hazel,"Multifunctional Walnut Ribbed Floating TV Stand - TV's up to 75"" - Hazel",https://furniture123.co.uk/p/multifunctional-walnut-ribbed-floating-tv-stand-tvs-up-to-75-hazel-bunhaz00396306,,,299.97,included,,299.97,,,wall-mounted,120.0,41.5,,120.0,41.5,42.0,[],,,Wood,,,,,,,,,Dimensions from the retailer's structured product data. Internal compartment sizes not published.
Furniture123,Hazel,"Multifunctional Small Walnut Ribbed Floating TV Stand - TV's up to 55"" - Hazel",https://furniture123.co.uk/p/multifunctional-small-walnut-ribbed-floating-tv-stand-tvs-up-to-55-hazel-bunhaz00396305,,,199.97,included,,199.97,,,wall-mounted,120.0,41.5,,120.0,41.5,42.0,[],,,Wood,,,,,,,,,Dimensions from the retailer's structured product data. Internal compartment sizes not published.
Furniture123,Hazel,"Multifunctional Large Walnut Ribbed Freestanding TV Stand with Storage - TV's up to 85"" - Hazel",https://furniture123.co.uk/p/multifunctional-large-walnut-ribbed-freestanding-tv-stand-with-storage-tvs-up-to-85-hazel-bunhaz00396307,,,399.97,included,,399.97,,,floor,120.0,41.5,,120.0,41.5,42.0,[],,,Wood,,,,,,,,,Dimensions from the retailer's structured product data. Internal compartment sizes not published.
Furniture123,Hazel,"Multifunctional Large Oak Ribbed Floating TV Stand with Storage - TV's up to 85"" - Hazel",https://furniture123.co.uk/p/multifunctional-large-oak-ribbed-floating-tv-unit-tvs-up-to-85-hazel-bunhaz00294911,,,319.88,included,,319.88,,,wall-mounted,120.0,41.5,,120.0,41.5,42.0,[],,,Wood,,,,,,,,,Dimensions from the retailer's structured product data. Internal compartment sizes not published.
Furniture123,Delilah,"Large Dark Wooden TV Stand with Storage - TV's up to 65"" - Delilah",https://furniture123.co.uk/p/large-dark-wooden-tv-stand-with-storage-tvs-up-to-65-delilah-dlh020,,,179.97,included,,179.97,,,floor,150.0,39.0,,150.0,39.0,56.0,"[{""kind"": ""door"", ""count"": 2, ""widthCm"": null, ""depthCm"": null, ""heightCm"": null}, {""kind"": ""drawer"", ""count"": 6, ""widthCm"": null, ""depthCm"": null, ""heightCm"": null}]",,,Wood,,,,,,,,,Dimensions from the retailer's structured product data. Internal compartment sizes not published.
Furniture123,Delilah,"Large Walnut TV Stand with Storage - TV's up to 65"" - Delilah",https://furniture123.co.uk/p/large-walnut-tv-stand-with-storage-tvs-up-to-65-delilah-dlh022,,,199.97,included,,199.97,,,floor,150.0,39.0,,150.0,39.0,56.0,"[{""kind"": ""door"", ""count"": 2, ""widthCm"": null, ""depthCm"": null, ""heightCm"": null}, {""kind"": ""drawer"", ""count"": 6, ""widthCm"": null, ""depthCm"": null, ""heightCm"": null}]",,,Wood,,,,,,,,,Dimensions from the retailer's structured product data. Internal compartment sizes not published.
Furniture123,Hazel,"Small Oak Ribbed TV Stand with Storage - TV's up to 55"" - Hazel",https://furniture123.co.uk/p/small-oak-ribbed-tv-stand-with-storage-tvs-up-to-55-hazel-haz004,,,149.97,included,,149.97,,,floor,120.0,40.0,,120.0,40.0,17.0,[],,,Wood,,,,,,,,,Dimensions from the retailer's structured product data. Internal compartment sizes not published.
Furniture123,Hiro,"Walnut Floating Wall Mounted TV Stand - TV's up to 75"" - Hiro",https://furniture123.co.uk/p/walnut-floating-wall-mounted-tv-stand-tvs-up-to-75-hiro-bunhir00198596,,,299.91,included,,299.91,,,wall-mounted,120.0,35.0,,120.0,35.0,30.0,[],,,Wood,,,,,,,,,Dimensions from the retailer's structured product data. Internal compartment sizes not published.
Furniture123,Hiro,"Large Black Floating Wall Mounted TV Stand - TV's up to 85"" - Hiro",https://furniture123.co.uk/p/large-black-floating-wall-mounted-tv-stand-tvs-up-to-85-hiro-bunhir00298605,,,439.88,included,,439.88,,,wall-mounted,120.0,35.0,,120.0,35.0,30.0,[],,,Wood,,,,,,,,,Dimensions from the retailer's structured product data. Internal compartment sizes not published.
Furniture123,Hazel,"Large Walnut Ribbed TV Stand with Storage - TV's up to 70"" - Hazel",https://furniture123.co.uk/p/large-walnut-ribbed-tv-stand-with-storage-tvs-up-to-70-hazel-haz007,,,249.97,included,,249.97,,,floor,120.0,40.0,,120.0,40.0,50.0,"[{""kind"": ""drawer"", ""count"": 4, ""widthCm"": null, ""depthCm"": null, ""heightCm"": null}]",,,Wood,,,,,,,,,Dimensions from the retailer's structured product data. Internal compartment sizes not published.
Furniture123,Hazel,"Large Oak Ribbed TV Stand with Storage - TV's up to 70"" - Hazel",https://furniture123.co.uk/p/large-oak-ribbed-tv-stand-with-storage-tvs-up-to-70-hazel-haz006,,,199.97,included,,199.97,,,floor,120.0,40.0,,120.0,40.0,50.0,"[{""kind"": ""drawer"", ""count"": 4, ""widthCm"": null, ""depthCm"": null, ""heightCm"": null}]",,,Wood,,,,,,,,,Dimensions from the retailer's structured product data. Internal compartment sizes not published.
Furniture123,Hazel,"Small Walnut Ribbed TV Stand with Storage - TV's up to 55"" - Hazel",https://furniture123.co.uk/p/small-walnut-ribbed-tv-stand-with-storage-tvs-up-to-55-hazel-haz005,,,149.97,included,,149.97,,,floor,120.0,40.0,,120.0,40.0,50.0,[],,,Wood,,,,,,,,,Dimensions from the retailer's structured product data. Internal compartment sizes not published.
Furniture123,IVan,"Large Walnut Effect TV Stand with Storage - TV's up to 70"" - Ivan",https://furniture123.co.uk/p/large-dark-mango-wood-tv-stand-with-storage-tvs-up-to-70-ivan-van013,,,389.97,included,,389.97,,,floor,160.0,40.0,,160.0,40.0,53.0,"[{""kind"": ""door"", ""count"": 2, ""widthCm"": null, ""depthCm"": null, ""heightCm"": null}]",,,Wood,,,,,,,,,Dimensions from the retailer's structured product data. Internal compartment sizes not published.
Furniture123,Hiro,"Large Walnut Floating Wall Mounted TV Stand - TV's up to 85"" - Hiro",https://furniture123.co.uk/p/large-walnut-floating-wall-mounted-tv-stand-tvs-up-to-85-hiro-bunhir00198597,,,399.88,included,,399.88,,,wall-mounted,120.0,35.0,,120.0,35.0,30.0,[],,,Wood,,,,,,,,,Dimensions from the retailer's structured product data. Internal compartment sizes not published.
Furniture123,IVan,"Large Mango Wood TV Stand with Storage - TV's up to 70"" - Ivan",https://furniture123.co.uk/p/large-mango-wood-tv-stand-with-storage-tvs-up-to-70-ivan-van012,,,389.97,included,,389.97,,,floor,160.0,40.0,,160.0,40.0,53.0,"[{""kind"": ""door"", ""count"": 2, ""widthCm"": null, ""depthCm"": null, ""heightCm"": null}]",,,Wood,,,,,,,,,Dimensions from the retailer's structured product data. Internal compartment sizes not published.
Furniture123,Delilah,"Large Black Wooden TV Stand with Storage - TV's up to 65"" - Delilah",https://furniture123.co.uk/p/large-black-wooden-tv-stand-with-storage-tvs-up-to-65-delilah-dlh024,,,199.97,included,,199.97,,,floor,150.0,39.0,,150.0,39.0,56.0,"[{""kind"": ""door"", ""count"": 2, ""widthCm"": null, ""depthCm"": null, ""heightCm"": null}, {""kind"": ""drawer"", ""count"": 6, ""widthCm"": null, ""depthCm"": null, ""heightCm"": null}]",,,Wood,,,,,,,,,Dimensions from the retailer's structured product data. Internal compartment sizes not published.
Furniture123,Hiro,"Small Walnut Floating Wall Mounted TV Stand - TV's up to 55"" - Hiro",https://furniture123.co.uk/p/small-walnut-floating-wall-mounted-tv-stand-tvs-up-to-55-hiro-bunhir00198595,,,199.94,included,,199.94,,,wall-mounted,120.0,35.0,,120.0,35.0,30.0,[],,,Wood,,,,,,,,,Dimensions from the retailer's structured product data. Internal compartment sizes not published.
Furniture123,Hazel,"Multifunctional Small Oak Ribbed Floating TV Stand - TV's up to 55"" - Hazel",https://furniture123.co.uk/p/multifunctional-small-oak-ribbed-floating-tv-unit-tvs-up-to-55-hazel-bunhaz00294909,,,159.94,included,,159.94,,,wall-mounted,120.0,41.5,,120.0,41.5,42.0,[],,,Wood,,,,,,,,,Dimensions from the retailer's structured product data. Internal compartment sizes not published.
Furniture123,Everett,White Gloss Media Wall with Storage - Everett,https://furniture123.co.uk/p/large-white-gloss-bookcase-everett-eve002,,,49.97,included,,49.97,,,floor,223.0,29.8,,223.0,29.8,170.0,"[{""kind"": ""open"", ""count"": 12, ""widthCm"": null, ""depthCm"": null, ""heightCm"": null}, {""kind"": ""drawer"", ""count"": 3, ""widthCm"": null, ""depthCm"": null, ""heightCm"": null}]",,,Wood,,,,,,,,,Dimensions from the retailer's structured product data. Internal compartment sizes not published.
Furniture123,Hiro,"Black Floating Wall Mounted TV Stand - TV's up to 75"" - Hiro",https://furniture123.co.uk/p/black-floating-wall-mounted-tv-stand-tvs-up-to-75-hiro-bunhir00298604,,,329.91,included,,329.91,,,wall-mounted,120.0,35.0,,120.0,35.0,30.0,[],,,Wood,,,,,,,,,Dimensions from the retailer's structured product data. Internal compartment sizes not published.
